model_key,forecast_horizon_hours,forecast_horizon_label,window_start_utc,window_end_utc,window_date,drift_scope,cluster_key,route_name,row_count,eligible_row_count,reviewed_route_share,capacity_unknown_route_share,known_connector_restriction_share,truth_backed_curtailment_share,actual_opportunity_deliverable_mean_mwh,predicted_opportunity_deliverable_mean_mwh,residual_bias_mwh,residual_mae_mwh,actual_opportunity_gross_value_mean_eur,predicted_opportunity_gross_value_mean_eur,residual_bias_eur,residual_mae_eur,feature_drift_score,target_drift_score,residual_drift_score,drift_state,source_lineage
opportunity_group_mean_notice_v1,1,t_plus_1h,2024-09-30 23:00:00+00:00,2024-10-01 00:00:00+00:00,2024-09-30 00:00:00+00:00,cluster_daily,dogger_hornsea_offshore,,3,0,0.0,0.0,0.0,0.0,,,,,,,,,,,,warmup,fact_backtest_prediction_hourly
opportunity_group_mean_notice_v1,1,t_plus_1h,2024-10-01 00:00:00+00:00,2024-10-02 00:00:00+00:00,2024-10-01 00:00:00+00:00,cluster_daily,dogger_hornsea_offshore,,72,71,0.013888888888888888,0.0,0.0,0.0,5.16182290554775,1.9496964884944,3.2121264170533492,7.111519394042151,397.10677885814687,0.0,397.10677885814687,397.10677885814687,0.013888888888888888,,,pass,fact_backtest_prediction_hourly
opportunity_group_mean_notice_v1,1,t_plus_1h,2024-10-02 00:00:00+00:00,2024-10-02 23:00:00+00:00,2024-10-02 00:00:00+00:00,cluster_daily,dogger_hornsea_offshore,,69,69,0.043478260869565216,0.028985507246376812,0.0,0.0,22.018357968406196,9.214801425967119,12.803556542439075,28.423156460924165,1314.6094688344742,78.25566631851552,1236.3538025159585,1236.3538025159585,0.029589371980676328,3.265616696136868,2.996776903222166,warn,fact_backtest_prediction_hourly
opportunity_group_mean_notice_v1,1,t_plus_1h,2024-09-30 23:00:00+00:00,2024-10-01 00:00:00+00:00,2024-09-30 00:00:00+00:00,cluster_daily,east_anglia_offshore,,4,0,0.0,0.0,0.0,0.0,,,,,,,,,,,,warmup,fact_backtest_prediction_hourly
opportunity_group_mean_notice_v1,1,t_plus_1h,2024-10-01 00:00:00+00:00,2024-10-02 00:00:00+00:00,2024-10-01 00:00:00+00:00,cluster_daily,east_anglia_offshore,,96,96,0.010416666666666666,0.0,0.0,0.0,0.7781674968770153,0.30932166079523676,0.4688458360817784,1.087489157672252,59.86559278599412,0.0,59.86559278599412,59.86559278599412,0.010416666666666666,,,pass,fact_backtest_prediction_hourly
opportunity_group_mean_notice_v1,1,t_plus_1h,2024-10-02 00:00:00+00:00,2024-10-02 23:00:00+00:00,2024-10-02 00:00:00+00:00,cluster_daily,east_anglia_offshore,,92,92,0.03260869565217391,0.03260869565217391,0.0,0.0,4.010496045556285,2.5014355753998037,1.509060470156481,4.708194550481708,236.86510748588444,26.706901101156742,210.15820638472775,210.15820638472775,0.03260869565217391,3.2323285486792694,3.329417463397521,warn,fact_backtest_prediction_hourly
opportunity_group_mean_notice_v1,1,t_plus_1h,2024-09-30 23:00:00+00:00,2024-10-01 00:00:00+00:00,2024-09-30 00:00:00+00:00,cluster_daily,east_coast_scotland_offshore,,3,0,0.0,0.0,0.0,0.0,,,,,,,,,,,,warmup,fact_backtest_prediction_hourly
opportunity_group_mean_notice_v1,1,t_plus_1h,2024-10-01 00:00:00+00:00,2024-10-02 00:00:00+00:00,2024-10-01 00:00:00+00:00,cluster_daily,east_coast_scotland_offshore,,72,72,0.013888888888888888,0.0,0.0,0.0,1.1016316007227067,0.436108307287003,0.6655232934357037,1.5377399080097096,84.75017149099894,0.0,84.75017149099894,84.75017149099894,0.013888888888888888,,,pass,fact_backtest_prediction_hourly
opportunity_group_mean_notice_v1,1,t_plus_1h,2024-10-02 00:00:00+00:00,2024-10-02 23:00:00+00:00,2024-10-02 00:00:00+00:00,cluster_daily,east_coast_scotland_offshore,,69,69,0.043478260869565216,0.028985507246376812,0.0,0.0,2.654524616540383,2.9285685792376075,-0.27404396269722425,3.9236487247480234,133.4923514509466,15.629204902413186,117.8631465485334,118.4799325747656,0.029589371980676328,1.409630056725794,1.551568509284763,warn,fact_backtest_prediction_hourly
opportunity_group_mean_notice_v1,1,t_plus_1h,2024-09-30 23:00:00+00:00,2024-10-01 00:00:00+00:00,2024-09-30 00:00:00+00:00,cluster_daily,humber_offshore,,3,0,0.0,0.0,0.0,0.0,,,,,,,,,,,,warmup,fact_backtest_prediction_hourly
opportunity_group_mean_notice_v1,1,t_plus_1h,2024-10-01 00:00:00+00:00,2024-10-02 00:00:00+00:00,2024-10-01 00:00:00+00:00,cluster_daily,humber_offshore,,72,72,0.013888888888888888,0.0,0.0,0.0,0.8717510389851006,0.3502674286297677,0.521483610355333,1.2220184676148687,67.0651150556823,0.0,67.0651150556823,67.0651150556823,0.013888888888888888,,,pass,fact_backtest_prediction_hourly
opportunity_group_mean_notice_v1,1,t_plus_1h,2024-10-02 00:00:00+00:00,2024-10-02 23:00:00+00:00,2024-10-02 00:00:00+00:00,cluster_daily,humber_offshore,,69,69,0.043478260869565216,0.028985507246376812,0.0,0.0,3.7709298119352743,2.67589069196483,1.095039119970444,4.618586021196057,225.14394779998892,18.112335419988625,207.03161238000027,207.03161238000027,0.029589371980676328,2.8991787729501737,2.7794731778567936,warn,fact_backtest_prediction_hourly
opportunity_group_mean_notice_v1,1,t_plus_1h,2024-09-30 23:00:00+00:00,2024-10-01 00:00:00+00:00,2024-09-30 00:00:00+00:00,cluster_daily,moray_firth_offshore,,4,0,0.0,0.0,0.0,0.0,,,,,,,,,,,,warmup,fact_backtest_prediction_hourly
opportunity_group_mean_notice_v1,1,t_plus_1h,2024-10-01 00:00:00+00:00,2024-10-02 00:00:00+00:00,2024-10-01 00:00:00+00:00,cluster_daily,moray_firth_offshore,,96,96,0.010416666666666666,0.0,0.0,0.0,1.182076326915016,0.4593353512375269,0.7227409756774891,1.6414116781525427,90.93890494406259,0.0,90.93890494406259,90.93890494406259,0.010416666666666666,,,pass,fact_backtest_prediction_hourly
opportunity_group_mean_notice_v1,1,t_plus_1h,2024-10-02 00:00:00+00:00,2024-10-02 23:00:00+00:00,2024-10-02 00:00:00+00:00,cluster_daily,moray_firth_offshore,,92,92,0.03260869565217391,0.03260869565217391,0.0,0.0,3.477461214181916,2.81929146153189,0.6581697526500269,4.453901706102621,178.27965961887085,26.359761469859194,151.91989814901163,151.91989814901163,0.03260869565217391,1.9418245971115908,1.7134580345593853,warn,fact_backtest_prediction_hourly
opportunity_group_mean_notice_v1,1,t_plus_1h,2024-09-30 23:00:00+00:00,2024-10-01 00:00:00+00:00,2024-09-30 00:00:00+00:00,cluster_daily,north_wales_offshore,,3,0,0.0,0.0,0.0,0.0,,,,,,,,,,,,warmup,fact_backtest_prediction_hourly
opportunity_group_mean_notice_v1,1,t_plus_1h,2024-10-01 00:00:00+00:00,2024-10-02 00:00:00+00:00,2024-10-01 00:00:00+00:00,cluster_daily,north_wales_offshore,,72,72,0.013888888888888888,0.0,0.0,0.0,0.5859143505897526,0.24333438088244666,0.342579969707306,0.8292487314721992,45.07526986239557,0.0,45.07526986239557,45.07526986239557,0.013888888888888888,,,pass,fact_backtest_prediction_hourly
opportunity_group_mean_notice_v1,1,t_plus_1h,2024-10-02 00:00:00+00:00,2024-10-02 23:00:00+00:00,2024-10-02 00:00:00+00:00,cluster_daily,north_wales_offshore,,69,69,0.043478260869565216,0.028985507246376812,0.0,0.0,2.5344872481618648,2.165335301490856,0.3691519466710088,3.3385099887431173,151.32195324713373,13.929330711700997,137.39262253543274,139.97737606892406,0.029589371980676328,1.9485728975721122,2.509261257270918,warn,fact_backtest_prediction_hourly
opportunity_group_mean_notice_v1,1,t_plus_1h,2024-09-30 23:00:00+00:00,2024-10-01 00:00:00+00:00,2024-09-30 00:00:00+00:00,cluster_daily,shetland_wind,,3,0,0.0,0.0,0.0,0.0,,,,,,,,,,,,warmup,fact_backtest_prediction_hourly
opportunity_group_mean_notice_v1,1,t_plus_1h,2024-10-01 00:00:00+00:00,2024-10-02 00:00:00+00:00,2024-10-01 00:00:00+00:00,cluster_daily,shetland_wind,,72,72,0.0,0.0,0.0,0.0,0.0,0.024850087997018752,-0.024850087997018752,0.024850087997018752,0.0,0.0,0.0,0.0,0.0,,,pass,fact_backtest_prediction_hourly
opportunity_group_mean_notice_v1,1,t_plus_1h,2024-10-02 00:00:00+00:00,2024-10-02 23:00:00+00:00,2024-10-02 00:00:00+00:00,cluster_daily,shetland_wind,,69,69,0.0,0.0,0.0,0.0,0.0,0.17707382287708776,-0.17707382287708776,0.17707382287708776,0.0,0.0,0.0,0.0,0.0,0.0,0.15222373488006902,pass,fact_backtest_prediction_hourly
opportunity_group_mean_notice_v1,1,t_plus_1h,2024-09-30 23:00:00+00:00,2024-10-01 00:00:00+00:00,2024-09-30 00:00:00+00:00,global_daily,,,23,0,0.0,0.0,0.0,0.0,,,,,,,,,,,,warmup,fact_backtest_prediction_hourly
opportunity_group_mean_notice_v1,1,t_plus_1h,2024-10-01 00:00:00+00:00,2024-10-02 00:00:00+00:00,2024-10-01 00:00:00+00:00,global_daily,,,552,551,0.010869565217391304,0.0,0.0,0.0,1.3410929522311243,0.5229543712950576,0.8181385809360668,1.864047323526182,103.17229245456879,0.0,103.17229245456879,103.17229245456879,0.010869565217391304,,,pass,fact_backtest_prediction_hourly
opportunity_group_mean_notice_v1,1,t_plus_1h,2024-10-02 00:00:00+00:00,2024-10-02 23:00:00+00:00,2024-10-02 00:00:00+00:00,global_daily,,,529,529,0.034026465028355386,0.026465028355387523,0.0,0.0,5.3429012162645195,3.1638225048843163,2.1790787113802037,6.873535220947942,310.1861840181153,25.65418531921386,284.5319986989014,284.9495908153871,0.026465028355387523,2.983990227803182,2.687425278423409,warn,fact_backtest_prediction_hourly
opportunity_group_mean_notice_v1,1,t_plus_1h,2024-09-30 23:00:00+00:00,2024-10-01 00:00:00+00:00,2024-09-30 00:00:00+00:00,route_daily,,R1_netback_GB_FR_DE_PL,16,0,0.0,0.0,0.0,0.0,,,,,,,,,,,,warmup,fact_backtest_prediction_hourly
opportunity_group_mean_notice_v1,1,t_plus_1h,2024-10-01 00:00:00+00:00,2024-10-02 00:00:00+00:00,2024-10-01 00:00:00+00:00,route_daily,,R1_netback_GB_FR_DE_PL,384,383,0.0,0.0,0.0,0.0,0.0,0.0,0.0,0.0,0.0,0.0,0.0,0.0,0.0,,,pass,fact_backtest_prediction_hourly
opportunity_group_mean_notice_v1,1,t_plus_1h,2024-10-02 00:00:00+00:00,2024-10-02 23:00:00+00:00,2024-10-02 00:00:00+00:00,route_daily,,R1_netback_GB_FR_DE_PL,368,368,0.0,0.03804347826086957,0.0,0.0,3.208234055317594,0.6241526288197232,2.584081426497871,2.6674647271201777,178.6919797955252,32.44186789639694,146.25011189912829,146.25011189912829,0.03804347826086957,3.208234055317594,2.6674647271201777,warn,fact_backtest_prediction_hourly
opportunity_group_mean_notice_v1,1,t_plus_1h,2024-09-30 23:00:00+00:00,2024-10-01 00:00:00+00:00,2024-09-30 00:00:00+00:00,route_daily,,R2_netback_GB_NL_DE_PL,7,0,0.0,0.0,0.0,0.0,,,,,,,,,,,,warmup,fact_backtest_prediction_hourly
opportunity_group_mean_notice_v1,1,t_plus_1h,2024-10-01 00:00:00+00:00,2024-10-02 00:00:00+00:00,2024-10-01 00:00:00+00:00,route_daily,,R2_netback_GB_NL_DE_PL,168,168,0.03571428571428571,0.0,0.0,0.0,4.398465575472319,1.7151658249022426,2.683299750570076,6.113631400374562,338.3805544194488,0.0,338.3805544194488,338.3805544194488,0.03571428571428571,,,pass,fact_backtest_prediction_hourly
opportunity_group_mean_notice_v1,1,t_plus_1h,2024-10-02 00:00:00+00:00,2024-10-02 23:00:00+00:00,2024-10-02 00:00:00+00:00,route_daily,,R2_netback_GB_NL_DE_PL,161,161,0.11180124223602485,0.0,0.0,0.0,10.222140441286065,8.968782221603387,1.2533582196826787,16.487410635411404,610.744365098321,10.139482285652532,600.6048828126685,601.9769711954073,0.07608695652173914,1.3240242002322329,1.6968277208209306,warn,fact_backtest_prediction_hourly
opportunity_group_mean_notice_v1,6,t_plus_6h,2024-09-30 23:00:00+00:00,2024-10-01 00:00:00+00:00,2024-09-30 00:00:00+00:00,cluster_daily,dogger_hornsea_offshore,,3,0,0.0,0.0,0.0,0.0,,,,,,,,,,,,warmup,fact_backtest_prediction_hourly
opportunity_group_mean_notice_v1,6,t_plus_6h,2024-10-01 00:00:00+00:00,2024-10-02 00:00:00+00:00,2024-10-01 00:00:00+00:00,cluster_daily,dogger_hornsea_offshore,,72,57,0.013888888888888888,0.0,0.0,0.0,6.429639057787548,3.308392041460107,3.121247016327441,9.738031099247657,494.64177717418295,0.0,494.64177717418295,494.64177717418295,0.013888888888888888,,,pass,fact_backtest_prediction_hourly
opportunity_group_mean_notice_v1,6,t_plus_6h,2024-10-02 00:00:00+00:00,2024-10-02 23:00:00+00:00,2024-10-02 00:00:00+00:00,cluster_daily,dogger_hornsea_offshore,,69,69,0.043478260869565216,0.028985507246376812,0.0,0.0,22.018357968406196,8.614685886608221,13.403672081797975,27.823040921565266,1314.6094688344742,78.25566631851552,1236.3538025159585,1236.3538025159585,0.029589371980676328,2.4245091785887527,1.8571526048745959,warn,fact_backtest_prediction_hourly
opportunity_group_mean_notice_v1,6,t_plus_6h,2024-09-30 23:00:00+00:00,2024-10-01 00:00:00+00:00,2024-09-30 00:00:00+00:00,cluster_daily,east_anglia_offshore,,4,0,0.0,0.0,0.0,0.0,,,,,,,,,,,,warmup,fact_backtest_prediction_hourly
opportunity_group_mean_notice_v1,6,t_plus_6h,2024-10-01 00:00:00+00:00,2024-10-02 00:00:00+00:00,2024-10-01 00:00:00+00:00,cluster_daily,east_anglia_offshore,,96,76,0.010416666666666666,0.0,0.0,0.0,0.9829484171078087,0.5208680844411525,0.4620803326666562,1.503816501548961,75.61969615072941,0.0,75.61969615072941,75.61969615072941,0.010416666666666666,,,pass,fact_backtest_prediction_hourly
opportunity_group_mean_notice_v1,6,t_plus_6h,2024-10-02 00:00:00+00:00,2024-10-02 23:00:00+00:00,2024-10-02 00:00:00+00:00,cluster_daily,east_anglia_offshore,,92,92,0.03260869565217391,0.03260869565217391,0.0,0.0,4.010496045556285,1.552480786694601,2.4580152588616833,4.725282612432185,236.86510748588444,23.32891491419775,213.5361925716867,213.5361925716867,0.03260869565217391,3.027547628448476,2.1421936170836333,warn,fact_backtest_prediction_hourly
opportunity_group_mean_notice_v1,6,t_plus_6h,2024-09-30 23:00:00+00:00,2024-10-01 00:00:00+00:00,2024-09-30 00:00:00+00:00,cluster_daily,east_coast_scotland_offshore,,3,0,0.0,0.0,0.0,0.0,,,,,,,,,,,,warmup,fact_backtest_prediction_hourly
opportunity_group_mean_notice_v1,6,t_plus_6h,2024-10-01 00:00:00+00:00,2024-10-02 00:00:00+00:00,2024-10-01 00:00:00+00:00,cluster_daily,east_coast_scotland_offshore,,72,57,0.013888888888888888,0.0,0.0,0.0,1.3915346535444717,0.7356683219332933,0.6558663316111782,2.127202975477765,107.05284819915656,0.0,107.05284819915656,107.05284819915656,0.013888888888888888,,,pass,fact_backtest_prediction_hourly
opportunity_group_mean_notice_v1,6,t_plus_6h,2024-10-02 00:00:00+00:00,2024-10-02 23:00:00+00:00,2024-10-02 00:00:00+00:00,cluster_daily,east_coast_scotland_offshore,,69,69,0.043478260869565216,0.028985507246376812,0.0,0.0,2.654524616540383,1.7573472602706224,0.8971773562697604,4.021016994530277,133.4923514509466,10.884902959577891,122.6074484913687,122.6074484913687,0.029589371980676328,0.9076237949079202,0.8902836451830207,warn,fact_backtest_prediction_hourly
opportunity_group_mean_notice_v1,6,t_plus_6h,2024-09-30 23:00:00+00:00,2024-10-01 00:00:00+00:00,2024-09-30 00:00:00+00:00,cluster_daily,humber_offshore,,3,0,0.0,0.0,0.0,0.0,,,,,,,,,,,,warmup,fact_backtest_prediction_hourly
opportunity_group_mean_notice_v1,6,t_plus_6h,2024-10-01 00:00:00+00:00,2024-10-02 00:00:00+00:00,2024-10-01 00:00:00+00:00,cluster_daily,humber_offshore,,72,57,0.013888888888888888,0.0,0.0,0.0,1.1011592071390746,0.5872613996239909,0.5138978075150836,1.6884206067630658,84.71382954401975,0.0,84.71382954401975,84.71382954401975,0.013888888888888888,,,pass,fact_backtest_prediction_hourly
opportunity_group_mean_notice_v1,6,t_plus_6h,2024-10-02 00:00:00+00:00,2024-10-02 23:00:00+00:00,2024-10-02 00:00:00+00:00,cluster_daily,humber_offshore,,69,69,0.043478260869565216,0.028985507246376812,0.0,0.0,3.7709298119352743,1.4663201642789836,2.3046096476562905,4.756000473023624,225.14394779998892,13.402299367499564,211.74164843248934,211.74164843248934,0.029589371980676328,2.4245091785887523,1.8168339417164128,warn,fact_backtest_prediction_hourly
opportunity_group_mean_notice_v1,6,t_plus_6h,2024-09-30 23:00:00+00:00,2024-10-01 00:00:00+00:00,2024-09-30 00:00:00+00:00,cluster_daily,moray_firth_offshore,,4,0,0.0,0.0,0.0,0.0,,,,,,,,,,,,warmup,fact_backtest_prediction_hourly
opportunity_group_mean_notice_v1,6,t_plus_6h,2024-10-01 00:00:00+00:00,2024-10-02 00:00:00+00:00,2024-10-01 00:00:00+00:00,cluster_daily,moray_firth_offshore,,96,76,0.010416666666666666,0.0,0.0,0.0,1.4931490445242308,0.7810047039206625,0.7121443406035682,2.2741537484448937,114.87019571881589,0.0,114.87019571881589,114.87019571881589,0.010416666666666666,,,pass,fact_backtest_prediction_hourly
opportunity_group_mean_notice_v1,6,t_plus_6h,2024-10-02 00:00:00+00:00,2024-10-02 23:00:00+00:00,2024-10-02 00:00:00+00:00,cluster_daily,moray_firth_offshore,,92,92,0.03260869565217391,0.03260869565217391,0.0,0.0,3.477461214181916,2.0286200502826586,1.4488411638992578,4.688258326710066,178.27965961887085,22.77552032516515,155.5041392937057,155.5041392937057,0.03260869565217391,1.3289444727133426,1.0615397397453799,warn,fact_backtest_prediction_hourly
opportunity_group_mean_notice_v1,6,t_plus_6h,2024-09-30 23:00:00+00:00,2024-10-01 00:00:00+00:00,2024-09-30 00:00:00+00:00,cluster_daily,north_wales_offshore,,3,0,0.0,0.0,0.0,0.0,,,,,,,,,,,,warmup,fact_backtest_prediction_hourly
opportunity_group_mean_notice_v1,6,t_plus_6h,2024-10-01 00:00:00+00:00,2024-10-02 00:00:00+00:00,2024-10-01 00:00:00+00:00,cluster_daily,north_wales_offshore,,72,57,0.013888888888888888,0.0,0.0,0.0,0.7401023375870559,0.4025777508525247,0.33752458673453123,1.1426800884395805,56.93718298407861,0.0,56.93718298407861,56.93718298407861,0.013888888888888888,,,pass,fact_backtest_prediction_hourly
opportunity_group_mean_notice_v1,6,t_plus_6h,2024-10-02 00:00:00+00:00,2024-10-02 23:00:00+00:00,2024-10-02 00:00:00+00:00,cluster_daily,north_wales_offshore,,69,69,0.043478260869565216,0.028985507246376812,0.0,0.0,2.5344872481618648,0.9855314056297484,1.5489558425321164,3.1965650787183293,151.32195324713373,9.007846482706825,142.31410676442692,142.31410676442692,0.029589371980676328,1.7943849105748089,1.7974278287140633,warn,fact_backtest_prediction_hourly
opportunity_group_mean_notice_v1,6,t_plus_6h,2024-09-30 23:00:00+00:00,2024-10-01 00:00:00+00:00,2024-09-30 00:00:00+00:00,cluster_daily,shetland_wind,,3,0,0.0,0.0,0.0,0.0,,,,,,,,,,,,warmup,fact_backtest_prediction_hourly
opportunity_group_mean_notice_v1,6,t_plus_6h,2024-10-01 00:00:00+00:00,2024-10-02 00:00:00+00:00,2024-10-01 00:00:00+00:00,cluster_daily,shetland_wind,,72,57,0.0,0.0,0.0,0.0,0.0,0.024552838140595085,-0.024552838140595085,0.024552838140595085,0.0,0.0,0.0,0.0,0.0,,,pass,fact_backtest_prediction_hourly
opportunity_group_mean_notice_v1,6,t_plus_6h,2024-10-02 00:00:00+00:00,2024-10-02 23:00:00+00:00,2024-10-02 00:00:00+00:00,cluster_daily,shetland_wind,,69,69,0.0,0.0,0.0,0.0,0.0,0.15330361692387348,-0.15330361692387348,0.15330361692387348,0.0,0.0,0.0,0.0,0.0,0.0,0.1287507787832784,pass,fact_backtest_prediction_hourly
opportunity_group_mean_notice_v1,6,t_plus_6h,2024-09-30 23:00:00+00:00,2024-10-01 00:00:00+00:00,2024-09-30 00:00:00+00:00,global_daily,,,23,0,0.0,0.0,0.0,0.0,,,,,,,,,,,,warmup,fact_backtest_prediction_hourly
opportunity_group_mean_notice_v1,6,t_plus_6h,2024-10-01 00:00:00+00:00,2024-10-02 00:00:00+00:00,2024-10-01 00:00:00+00:00,global_daily,,,552,437,0.010869565217391304,0.0,0.0,0.0,1.6909432875957655,0.8862107917164692,0.8047324958792964,2.5771540793122347,130.0868035296737,0.0,130.0868035296737,130.0868035296737,0.010869565217391304,,,pass,fact_backtest_prediction_hourly
opportunity_group_mean_notice_v1,6,t_plus_6h,2024-10-02 00:00:00+00:00,2024-10-02 23:00:00+00:00,2024-10-02 00:00:00+00:00,global_daily,,,529,529,0.034026465028355386,0.026465028355387523,0.0,0.0,5.3429012162645195,2.315476884741017,3.0274243315235023,6.847997609167527,310.1861840181153,22.568255927928305,287.617928090187,287.617928090187,0.026465028355387523,2.159716387568041,1.657193709968266,warn,fact_backtest_prediction_hourly
opportunity_group_mean_notice_v1,6,t_plus_6h,2024-09-30 23:00:00+00:00,2024-10-01 00:00:00+00:00,2024-09-30 00:00:00+00:00,route_daily,,R1_netback_GB_FR_DE_PL,16,0,0.0,0.0,0.0,0.0,,,,,,,,,,,,warmup,fact_backtest_prediction_hourly
opportunity_group_mean_notice_v1,6,t_plus_6h,2024-10-01 00:00:00+00:00,2024-10-02 00:00:00+00:00,2024-10-01 00:00:00+00:00,route_daily,,R1_netback_GB_FR_DE_PL,384,304,0.0,0.0,0.0,0.0,0.0,0.0,0.0,0.0,0.0,0.0,0.0,0.0,0.0,,,pass,fact_backtest_prediction_hourly
opportunity_group_mean_notice_v1,6,t_plus_6h,2024-10-02 00:00:00+00:00,2024-10-02 23:00:00+00:00,2024-10-02 00:00:00+00:00,route_daily,,R1_netback_GB_FR_DE_PL,368,368,0.0,0.03804347826086957,0.0,0.0,3.208234055317594,0.621769558325488,2.586464496992106,2.6650816566259423,178.6919797955252,32.44186789639694,146.25011189912829,146.25011189912829,0.03804347826086957,3.208234055317594,2.6650816566259423,warn,fact_backtest_prediction_hourly
opportunity_group_mean_notice_v1,6,t_plus_6h,2024-09-30 23:00:00+00:00,2024-10-01 00:00:00+00:00,2024-09-30 00:00:00+00:00,route_daily,,R2_netback_GB_NL_DE_PL,7,0,0.0,0.0,0.0,0.0,,,,,,,,,,,,warmup,fact_backtest_prediction_hourly
opportunity_group_mean_notice_v1,6,t_plus_6h,2024-10-01 00:00:00+00:00,2024-10-02 00:00:00+00:00,2024-10-01 00:00:00+00:00,route_daily,,R2_netback_GB_NL_DE_PL,168,133,0.03571428571428571,0.0,0.0,0.0,5.555956516386087,2.9118354584969706,2.6441210578891163,8.46779197488306,427.4280687403564,0.0,427.4280687403564,427.4280687403564,0.03571428571428571,,,pass,fact_backtest_prediction_hourly
opportunity_group_mean_notice_v1,6,t_plus_6h,2024-10-02 00:00:00+00:00,2024-10-02 23:00:00+00:00,2024-10-02 00:00:00+00:00,route_daily,,R2_netback_GB_NL_DE_PL,161,161,0.11180124223602485,0.0,0.0,0.0,10.222140441286065,6.1868079165479415,4.0353325247381235,16.408948357834007,610.744365098321,0.0,610.744365098321,610.744365098321,0.07608695652173914,0.8398524918505179,0.9378072119043305,warn,fact_backtest_prediction_hourly
opportunity_group_mean_notice_v1,24,t_plus_24h,2024-09-30 23:00:00+00:00,2024-10-01 00:00:00+00:00,2024-09-30 00:00:00+00:00,cluster_daily,dogger_hornsea_offshore,,3,0,0.0,0.0,0.0,0.0,,,,,,,,,,,,warmup,fact_backtest_prediction_hourly
opportunity_group_mean_notice_v1,24,t_plus_24h,2024-10-01 00:00:00+00:00,2024-10-02 00:00:00+00:00,2024-10-01 00:00:00+00:00,cluster_daily,dogger_hornsea_offshore,,72,3,0.013888888888888888,0.0,0.0,0.0,0.0,0.8908313840136737,-0.8908313840136737,0.8908313840136737,0.0,0.0,0.0,0.0,0.013888888888888888,,,pass,fact_backtest_prediction_hourly
opportunity_group_mean_notice_v1,24,t_plus_24h,2024-10-02 00:00:00+00:00,2024-10-02 23:00:00+00:00,2024-10-02 00:00:00+00:00,cluster_daily,dogger_hornsea_offshore,,69,69,0.043478260869565216,0.028985507246376812,0.0,0.0,22.018357968406196,21.078047971905416,0.9403099965007835,32.435850830850605,1314.6094688344742,300.02612227446355,1014.5833465600107,1014.5833465600107,0.029589371980676328,22.018357968406196,31.545019446836932,warn,fact_backtest_prediction_hourly
opportunity_group_mean_notice_v1,24,t_plus_24h,2024-09-30 23:00:00+00:00,2024-10-01 00:00:00+00:00,2024-09-30 00:00:00+00:00,cluster_daily,east_anglia_offshore,,4,0,0.0,0.0,0.0,0.0,,,,,,,,,,,,warmup,fact_backtest_prediction_hourly
opportunity_group_mean_notice_v1,24,t_plus_24h,2024-10-01 00:00:00+00:00,2024-10-02 00:00:00+00:00,2024-10-01 00:00:00+00:00,cluster_daily,east_anglia_offshore,,96,4,0.010416666666666666,0.0,0.0,0.0,0.0,0.6639241557397043,-0.6639241557397043,0.6639241557397043,0.0,0.0,0.0,0.0,0.010416666666666666,,,pass,fact_backtest_prediction_hourly
opportunity_group_mean_notice_v1,24,t_plus_24h,2024-10-02 00:00:00+00:00,2024-10-02 23:00:00+00:00,2024-10-02 00:00:00+00:00,cluster_daily,east_anglia_offshore,,92,92,0.03260869565217391,0.03260869565217391,0.0,0.0,4.010496045556285,3.894947326679292,0.1155487188769925,4.986921911203708,236.86510748588444,81.75794119523538,155.1071662906491,155.1071662906491,0.03260869565217391,4.010496045556285,4.322997755464003,warn,fact_backtest_prediction_hourly
opportunity_group_mean_notice_v1,24,t_plus_24h,2024-09-30 23:00:00+00:00,2024-10-01 00:00:00+00:00,2024-09-30 00:00:00+00:00,cluster_daily,east_coast_scotland_offshore,,3,0,0.0,0.0,0.0,0.0,,,,,,,,,,,,warmup,fact_backtest_prediction_hourly
opportunity_group_mean_notice_v1,24,t_plus_24h,2024-10-01 00:00:00+00:00,2024-10-02 00:00:00+00:00,2024-10-01 00:00:00+00:00,cluster_daily,east_coast_scotland_offshore,,72,3,0.013888888888888888,0.0,0.0,0.0,0.0,0.8796959202472707,-0.8796959202472707,0.8796959202472707,0.0,0.0,0.0,0.0,0.013888888888888888,,,pass,fact_backtest_prediction_hourly
opportunity_group_mean_notice_v1,24,t_plus_24h,2024-10-02 00:00:00+00:00,2024-10-02 23:00:00+00:00,2024-10-02 00:00:00+00:00,cluster_daily,east_coast_scotland_offshore,,69,69,0.043478260869565216,0.028985507246376812,0.0,0.0,2.654524616540383,2.8759422396301435,-0.2214176230897603,4.04679566608921,133.4923514509466,41.78247207166759,91.70987937927899,91.70987937927899,0.029589371980676328,2.654524616540383,3.167099745841939,warn,fact_backtest_prediction_hourly
opportunity_group_mean_notice_v1,24,t_plus_24h,2024-09-30 23:00:00+00:00,2024-10-01 00:00:00+00:00,2024-09-30 00:00:00+00:00,cluster_daily,humber_offshore,,3,0,0.0,0.0,0.0,0.0,,,,,,,,,,,,warmup,fact_backtest_prediction_hourly
opportunity_group_mean_notice_v1,24,t_plus_24h,2024-10-01 00:00:00+00:00,2024-10-02 00:00:00+00:00,2024-10-01 00:00:00+00:00,cluster_daily,humber_offshore,,72,3,0.013888888888888888,0.0,0.0,0.0,0.0,0.4367270784156913,-0.4367270784156913,0.4367270784156913,0.0,0.0,0.0,0.0,0.013888888888888888,,,pass,fact_backtest_prediction_hourly
opportunity_group_mean_notice_v1,24,t_plus_24h,2024-10-02 00:00:00+00:00,2024-10-02 23:00:00+00:00,2024-10-02 00:00:00+00:00,cluster_daily,humber_offshore,,69,69,0.043478260869565216,0.028985507246376812,0.0,0.0,3.7709298119352743,3.6487369930683076,0.12219281886696669,5.593908266073111,225.14394779998892,51.383370661314004,173.76057713867488,173.76057713867488,0.029589371980676328,3.7709298119352743,5.15718118765742,warn,fact_backtest_prediction_hourly
opportunity_group_mean_notice_v1,24,t_plus_24h,2024-09-30 23:00:00+00:00,2024-10-01 00:00:00+00:00,2024-09-30 00:00:00+00:00,cluster_daily,moray_firth_offshore,,4,0,0.0,0.0,0.0,0.0,,,,,,,,,,,,warmup,fact_backtest_prediction_hourly
opportunity_group_mean_notice_v1,24,t_plus_24h,2024-10-01 00:00:00+00:00,2024-10-02 00:00:00+00:00,2024-10-01 00:00:00+00:00,cluster_daily,moray_firth_offshore,,96,4,0.010416666666666666,0.0,0.0,0.0,0.0,0.3252386517074602,-0.3252386517074602,0.3252386517074602,0.0,0.0,0.0,0.0,0.010416666666666666,,,pass,fact_backtest_prediction_hourly
opportunity_group_mean_notice_v1,24,t_plus_24h,2024-10-02 00:00:00+00:00,2024-10-02 23:00:00+00:00,2024-10-02 00:00:00+00:00,cluster_daily,moray_firth_offshore,,92,92,0.03260869565217391,0.03260869565217391,0.0,0.0,3.477461214181916,3.6995582009500714,-0.22209698676815579,4.326816589186634,178.27965961887085,79.87282625701195,98.4068333618589,98.4068333618589,0.03260869565217391,3.477461214181916,4.001577937479174,warn,fact_backtest_prediction_hourly
opportunity_group_mean_notice_v1,24,t_plus_24h,2024-09-30 23:00:00+00:00,2024-10-01 00:00:00+00:00,2024-09-30 00:00:00+00:00,cluster_daily,north_wales_offshore,,3,0,0.0,0.0,0.0,0.0,,,,,,,,,,,,warmup,fact_backtest_prediction_hourly
opportunity_group_mean_notice_v1,24,t_plus_24h,2024-10-01 00:00:00+00:00,2024-10-02 00:00:00+00:00,2024-10-01 00:00:00+00:00,cluster_daily,north_wales_offshore,,72,3,0.013888888888888888,0.0,0.0,0.0,0.0,0.4313731562634849,-0.4313731562634849,0.4313731562634849,0.0,0.0,0.0,0.0,0.013888888888888888,,,pass,fact_backtest_prediction_hourly
opportunity_group_mean_notice_v1,24,t_plus_24h,2024-10-02 00:00:00+00:00,2024-10-02 23:00:00+00:00,2024-10-02 00:00:00+00:00,cluster_daily,north_wales_offshore,,69,69,0.043478260869565216,0.028985507246376812,0.0,0.0,2.5344872481618648,2.4674142046569756,0.06707304350488888,3.774787195614697,151.32195324713373,34.53538098123322,116.7865722659005,116.7865722659005,0.029589371980676328,2.5344872481618648,3.343414039351212,warn,fact_backtest_prediction_hourly
opportunity_group_mean_notice_v1,24,t_plus_24h,2024-09-30 23:00:00+00:00,2024-10-01 00:00:00+00:00,2024-09-30 00:00:00+00:00,cluster_daily,shetland_wind,,3,0,0.0,0.0,0.0,0.0,,,,,,,,,,,,warmup,fact_backtest_prediction_hourly
opportunity_group_mean_notice_v1,24,t_plus_24h,2024-10-01 00:00:00+00:00,2024-10-02 00:00:00+00:00,2024-10-01 00:00:00+00:00,cluster_daily,shetland_wind,,72,3,0.0,0.0,0.0,0.0,0.0,0.0,0.0,0.0,0.0,0.0,0.0,0.0,0.0,,,pass,fact_backtest_prediction_hourly
opportunity_group_mean_notice_v1,24,t_plus_24h,2024-10-02 00:00:00+00:00,2024-10-02 23:00:00+00:00,2024-10-02 00:00:00+00:00,cluster_daily,shetland_wind,,69,69,0.0,0.0,0.0,0.0,0.0,0.046482091895351386,-0.046482091895351386,0.046482091895351386,0.0,0.0,0.0,0.0,0.0,0.0,0.046482091895351386,pass,fact_backtest_prediction_hourly
opportunity_group_mean_notice_v1,24,t_plus_24h,2024-09-30 23:00:00+00:00,2024-10-01 00:00:00+00:00,2024-09-30 00:00:00+00:00,global_daily,,,23,0,0.0,0.0,0.0,0.0,,,,,,,,,,,,warmup,fact_backtest_prediction_hourly
opportunity_group_mean_notice_v1,24,t_plus_24h,2024-10-01 00:00:00+00:00,2024-10-02 00:00:00+00:00,2024-10-01 00:00:00+00:00,global_daily,,,552,23,0.010869565217391304,0.0,0.0,0.0,0.0,0.5161971237656096,-0.5161971237656096,0.5161971237656096,0.0,0.0,0.0,0.0,0.010869565217391304,,,pass,fact_backtest_prediction_hourly
opportunity_group_mean_notice_v1,24,t_plus_24h,2024-10-02 00:00:00+00:00,2024-10-02 23:00:00+00:00,2024-10-02 00:00:00+00:00,global_daily,,,529,529,0.034026465028355386,0.026465028355387523,0.0,0.0,5.3429012162645195,5.249038809303741,0.0938624069607796,7.606453311005667,310.1861840181153,83.90022207717497,226.28596194094033,226.28596194094033,0.026465028355387523,5.3429012162645195,7.090256187240057,warn,fact_backtest_prediction_hourly
opportunity_group_mean_notice_v1,24,t_plus_24h,2024-09-30 23:00:00+00:00,2024-10-01 00:00:00+00:00,2024-09-30 00:00:00+00:00,route_daily,,R1_netback_GB_FR_DE_PL,16,0,0.0,0.0,0.0,0.0,,,,,,,,,,,,warmup,fact_backtest_prediction_hourly
opportunity_group_mean_notice_v1,24,t_plus_24h,2024-10-01 00:00:00+00:00,2024-10-02 00:00:00+00:00,2024-10-01 00:00:00+00:00,route_daily,,R1_netback_GB_FR_DE_PL,384,16,0.0,0.0,0.0,0.0,0.0,0.24949944138639346,-0.24949944138639346,0.24949944138639346,0.0,0.0,0.0,0.0,0.0,,,pass,fact_backtest_prediction_hourly
opportunity_group_mean_notice_v1,24,t_plus_24h,2024-10-02 00:00:00+00:00,2024-10-02 23:00:00+00:00,2024-10-02 00:00:00+00:00,route_daily,,R1_netback_GB_FR_DE_PL,368,368,0.0,0.03804347826086957,0.0,0.0,3.208234055317594,3.6190161519211634,-0.41078209660356935,3.3006474677724698,178.6919797955252,98.21222744379394,80.47975235173129,80.47975235173129,0.03804347826086957,3.208234055317594,3.0511480263860764,warn,fact_backtest_prediction_hourly
opportunity_group_mean_notice_v1,24,t_plus_24h,2024-09-30 23:00:00+00:00,2024-10-01 00:00:00+00:00,2024-09-30 00:00:00+00:00,route_daily,,R2_netback_GB_NL_DE_PL,7,0,0.0,0.0,0.0,0.0,,,,,,,,,,,,warmup,fact_backtest_prediction_hourly
opportunity_group_mean_notice_v1,24,t_plus_24h,2024-10-01 00:00:00+00:00,2024-10-02 00:00:00+00:00,2024-10-01 00:00:00+00:00,route_daily,,R2_netback_GB_NL_DE_PL,168,7,0.03571428571428571,0.0,0.0,0.0,0.0,1.1257918263466749,-1.1257918263466749,1.1257918263466749,0.0,0.0,0.0,0.0,0.03571428571428571,,,pass,fact_backtest_prediction_hourly
opportunity_group_mean_notice_v1,24,t_plus_24h,2024-10-02 00:00:00+00:00,2024-10-02 23:00:00+00:00,2024-10-02 00:00:00+00:00,route_daily,,R2_netback_GB_NL_DE_PL,161,161,0.11180124223602485,0.0,0.0,0.0,10.222140441286065,8.97480488332106,1.2473355579650058,17.44829523839583,610.744365098321,51.18706695347445,559.5572981448466,559.5572981448466,0.07608695652173914,10.222140441286065,14.498687084110012,warn,fact_backtest_prediction_hourly
opportunity_group_mean_notice_v1,168,t_plus_168h,2024-09-30 23:00:00+00:00,2024-10-01 00:00:00+00:00,2024-09-30 00:00:00+00:00,cluster_daily,dogger_hornsea_offshore,,3,0,0.0,0.0,0.0,0.0,,,,,,,,,,,,warmup,fact_backtest_prediction_hourly
opportunity_group_mean_notice_v1,168,t_plus_168h,2024-10-01 00:00:00+00:00,2024-10-02 00:00:00+00:00,2024-10-01 00:00:00+00:00,cluster_daily,dogger_hornsea_offshore,,72,0,0.013888888888888888,0.0,0.0,0.0,,,,,,,,,0.013888888888888888,,,pass,fact_backtest_prediction_hourly
opportunity_group_mean_notice_v1,168,t_plus_168h,2024-10-02 00:00:00+00:00,2024-10-02 23:00:00+00:00,2024-10-02 00:00:00+00:00,cluster_daily,dogger_hornsea_offshore,,69,0,0.043478260869565216,0.028985507246376812,0.0,0.0,,,,,,,,,0.029589371980676328,,,pass,fact_backtest_prediction_hourly
opportunity_group_mean_notice_v1,168,t_plus_168h,2024-09-30 23:00:00+00:00,2024-10-01 00:00:00+00:00,2024-09-30 00:00:00+00:00,cluster_daily,east_anglia_offshore,,4,0,0.0,0.0,0.0,0.0,,,,,,,,,,,,warmup,fact_backtest_prediction_hourly
opportunity_group_mean_notice_v1,168,t_plus_168h,2024-10-01 00:00:00+00:00,2024-10-02 00:00:00+00:00,2024-10-01 00:00:00+00:00,cluster_daily,east_anglia_offshore,,96,0,0.010416666666666666,0.0,0.0,0.0,,,,,,,,,0.010416666666666666,,,pass,fact_backtest_prediction_hourly
opportunity_group_mean_notice_v1,168,t_plus_168h,2024-10-02 00:00:00+00:00,2024-10-02 23:00:00+00:00,2024-10-02 00:00:00+00:00,cluster_daily,east_anglia_offshore,,92,0,0.03260869565217391,0.03260869565217391,0.0,0.0,,,,,,,,,0.03260869565217391,,,pass,fact_backtest_prediction_hourly
opportunity_group_mean_notice_v1,168,t_plus_168h,2024-09-30 23:00:00+00:00,2024-10-01 00:00:00+00:00,2024-09-30 00:00:00+00:00,cluster_daily,east_coast_scotland_offshore,,3,0,0.0,0.0,0.0,0.0,,,,,,,,,,,,warmup,fact_backtest_prediction_hourly
opportunity_group_mean_notice_v1,168,t_plus_168h,2024-10-01 00:00:00+00:00,2024-10-02 00:00:00+00:00,2024-10-01 00:00:00+00:00,cluster_daily,east_coast_scotland_offshore,,72,0,0.013888888888888888,0.0,0.0,0.0,,,,,,,,,0.013888888888888888,,,pass,fact_backtest_prediction_hourly
opportunity_group_mean_notice_v1,168,t_plus_168h,2024-10-02 00:00:00+00:00,2024-10-02 23:00:00+00:00,2024-10-02 00:00:00+00:00,cluster_daily,east_coast_scotland_offshore,,69,0,0.043478260869565216,0.028985507246376812,0.0,0.0,,,,,,,,,0.029589371980676328,,,pass,fact_backtest_prediction_hourly
opportunity_group_mean_notice_v1,168,t_plus_168h,2024-09-30 23:00:00+00:00,2024-10-01 00:00:00+00:00,2024-09-30 00:00:00+00:00,cluster_daily,humber_offshore,,3,0,0.0,0.0,0.0,0.0,,,,,,,,,,,,warmup,fact_backtest_prediction_hourly
opportunity_group_mean_notice_v1,168,t_plus_168h,2024-10-01 00:00:00+00:00,2024-10-02 00:00:00+00:00,2024-10-01 00:00:00+00:00,cluster_daily,humber_offshore,,72,0,0.013888888888888888,0.0,0.0,0.0,,,,,,,,,0.013888888888888888,,,pass,fact_backtest_prediction_hourly
opportunity_group_mean_notice_v1,168,t_plus_168h,2024-10-02 00:00:00+00:00,2024-10-02 23:00:00+00:00,2024-10-02 00:00:00+00:00,cluster_daily,humber_offshore,,69,0,0.043478260869565216,0.028985507246376812,0.0,0.0,,,,,,,,,0.029589371980676328,,,pass,fact_backtest_prediction_hourly
opportunity_group_mean_notice_v1,168,t_plus_168h,2024-09-30 23:00:00+00:00,2024-10-01 00:00:00+00:00,2024-09-30 00:00:00+00:00,cluster_daily,moray_firth_offshore,,4,0,0.0,0.0,0.0,0.0,,,,,,,,,,,,warmup,fact_backtest_prediction_hourly
opportunity_group_mean_notice_v1,168,t_plus_168h,2024-10-01 00:00:00+00:00,2024-10-02 00:00:00+00:00,2024-10-01 00:00:00+00:00,cluster_daily,moray_firth_offshore,,96,0,0.010416666666666666,0.0,0.0,0.0,,,,,,,,,0.010416666666666666,,,pass,fact_backtest_prediction_hourly
opportunity_group_mean_notice_v1,168,t_plus_168h,2024-10-02 00:00:00+00:00,2024-10-02 23:00:00+00:00,2024-10-02 00:00:00+00:00,cluster_daily,moray_firth_offshore,,92,0,0.03260869565217391,0.03260869565217391,0.0,0.0,,,,,,,,,0.03260869565217391,,,pass,fact_backtest_prediction_hourly
opportunity_group_mean_notice_v1,168,t_plus_168h,2024-09-30 23:00:00+00:00,2024-10-01 00:00:00+00:00,2024-09-30 00:00:00+00:00,cluster_daily,north_wales_offshore,,3,0,0.0,0.0,0.0,0.0,,,,,,,,,,,,warmup,fact_backtest_prediction_hourly
opportunity_group_mean_notice_v1,168,t_plus_168h,2024-10-01 00:00:00+00:00,2024-10-02 00:00:00+00:00,2024-10-01 00:00:00+00:00,cluster_daily,north_wales_offshore,,72,0,0.013888888888888888,0.0,0.0,0.0,,,,,,,,,0.013888888888888888,,,pass,fact_backtest_prediction_hourly
opportunity_group_mean_notice_v1,168,t_plus_168h,2024-10-02 00:00:00+00:00,2024-10-02 23:00:00+00:00,2024-10-02 00:00:00+00:00,cluster_daily,north_wales_offshore,,69,0,0.043478260869565216,0.028985507246376812,0.0,0.0,,,,,,,,,0.029589371980676328,,,pass,fact_backtest_prediction_hourly
opportunity_group_mean_notice_v1,168,t_plus_168h,2024-09-30 23:00:00+00:00,2024-10-01 00:00:00+00:00,2024-09-30 00:00:00+00:00,cluster_daily,shetland_wind,,3,0,0.0,0.0,0.0,0.0,,,,,,,,,,,,warmup,fact_backtest_prediction_hourly
opportunity_group_mean_notice_v1,168,t_plus_168h,2024-10-01 00:00:00+00:00,2024-10-02 00:00:00+00:00,2024-10-01 00:00:00+00:00,cluster_daily,shetland_wind,,72,0,0.0,0.0,0.0,0.0,,,,,,,,,0.0,,,pass,fact_backtest_prediction_hourly
opportunity_group_mean_notice_v1,168,t_plus_168h,2024-10-02 00:00:00+00:00,2024-10-02 23:00:00+00:00,2024-10-02 00:00:00+00:00,cluster_daily,shetland_wind,,69,0,0.0,0.0,0.0,0.0,,,,,,,,,0.0,,,pass,fact_backtest_prediction_hourly
opportunity_group_mean_notice_v1,168,t_plus_168h,2024-09-30 23:00:00+00:00,2024-10-01 00:00:00+00:00,2024-09-30 00:00:00+00:00,global_daily,,,23,0,0.0,0.0,0.0,0.0,,,,,,,,,,,,warmup,fact_backtest_prediction_hourly
opportunity_group_mean_notice_v1,168,t_plus_168h,2024-10-01 00:00:00+00:00,2024-10-02 00:00:00+00:00,2024-10-01 00:00:00+00:00,global_daily,,,552,0,0.010869565217391304,0.0,0.0,0.0,,,,,,,,,0.010869565217391304,,,pass,fact_backtest_prediction_hourly
opportunity_group_mean_notice_v1,168,t_plus_168h,2024-10-02 00:00:00+00:00,2024-10-02 23:00:00+00:00,2024-10-02 00:00:00+00:00,global_daily,,,529,0,0.034026465028355386,0.026465028355387523,0.0,0.0,,,,,,,,,0.026465028355387523,,,pass,fact_backtest_prediction_hourly
opportunity_group_mean_notice_v1,168,t_plus_168h,2024-09-30 23:00:00+00:00,2024-10-01 00:00:00+00:00,2024-09-30 00:00:00+00:00,route_daily,,R1_netback_GB_FR_DE_PL,16,0,0.0,0.0,0.0,0.0,,,,,,,,,,,,warmup,fact_backtest_prediction_hourly
opportunity_group_mean_notice_v1,168,t_plus_168h,2024-10-01 00:00:00+00:00,2024-10-02 00:00:00+00:00,2024-10-01 00:00:00+00:00,route_daily,,R1_netback_GB_FR_DE_PL,384,0,0.0,0.0,0.0,0.0,,,,,,,,,0.0,,,pass,fact_backtest_prediction_hourly
opportunity_group_mean_notice_v1,168,t_plus_168h,2024-10-02 00:00:00+00:00,2024-10-02 23:00:00+00:00,2024-10-02 00:00:00+00:00,route_daily,,R1_netback_GB_FR_DE_PL,368,0,0.0,0.03804347826086957,0.0,0.0,,,,,,,,,0.03804347826086957,,,pass,fact_backtest_prediction_hourly
opportunity_group_mean_notice_v1,168,t_plus_168h,2024-09-30 23:00:00+00:00,2024-10-01 00:00:00+00:00,2024-09-30 00:00:00+00:00,route_daily,,R2_netback_GB_NL_DE_PL,7,0,0.0,0.0,0.0,0.0,,,,,,,,,,,,warmup,fact_backtest_prediction_hourly
opportunity_group_mean_notice_v1,168,t_plus_168h,2024-10-01 00:00:00+00:00,2024-10-02 00:00:00+00:00,2024-10-01 00:00:00+00:00,route_daily,,R2_netback_GB_NL_DE_PL,168,0,0.03571428571428571,0.0,0.0,0.0,,,,,,,,,0.03571428571428571,,,pass,fact_backtest_prediction_hourly
opportunity_group_mean_notice_v1,168,t_plus_168h,2024-10-02 00:00:00+00:00,2024-10-02 23:00:00+00:00,2024-10-02 00:00:00+00:00,route_daily,,R2_netback_GB_NL_DE_PL,161,0,0.11180124223602485,0.0,0.0,0.0,,,,,,,,,0.07608695652173914,,,pass,fact_backtest_prediction_hourly
opportunity_potential_ratio_v2,1,t_plus_1h,2024-09-30 23:00:00+00:00,2024-10-01 00:00:00+00:00,2024-09-30 00:00:00+00:00,cluster_daily,dogger_hornsea_offshore,,3,0,0.0,0.0,0.0,0.0,,,,,,,,,,,,warmup,fact_backtest_prediction_hourly
opportunity_potential_ratio_v2,1,t_plus_1h,2024-10-01 00:00:00+00:00,2024-10-02 00:00:00+00:00,2024-10-01 00:00:00+00:00,cluster_daily,dogger_hornsea_offshore,,72,71,0.013888888888888888,0.0,0.0,0.0,5.16182290554775,0.0,5.16182290554775,5.16182290554775,397.10677885814687,0.0,397.10677885814687,397.10677885814687,0.013888888888888888,,,pass,fact_backtest_prediction_hourly
opportunity_potential_ratio_v2,1,t_plus_1h,2024-10-02 00:00:00+00:00,2024-10-02 23:00:00+00:00,2024-10-02 00:00:00+00:00,cluster_daily,dogger_hornsea_offshore,,69,69,0.043478260869565216,0.028985507246376812,0.0,0.0,22.018357968406196,4.161350110686279,17.857007857719918,26.179708079092475,1314.6094688344742,0.0,1314.6094688344742,1314.6094688344742,0.029589371980676328,3.265616696136868,4.071795092186411,warn,fact_backtest_prediction_hourly
opportunity_potential_ratio_v2,1,t_plus_1h,2024-09-30 23:00:00+00:00,2024-10-01 00:00:00+00:00,2024-09-30 00:00:00+00:00,cluster_daily,east_anglia_offshore,,4,0,0.0,0.0,0.0,0.0,,,,,,,,,,,,warmup,fact_backtest_prediction_hourly
opportunity_potential_ratio_v2,1,t_plus_1h,2024-10-01 00:00:00+00:00,2024-10-02 00:00:00+00:00,2024-10-01 00:00:00+00:00,cluster_daily,east_anglia_offshore,,96,96,0.010416666666666666,0.0,0.0,0.0,0.7781674968770153,0.0,0.7781674968770153,0.7781674968770153,59.86559278599412,0.0,59.86559278599412,59.86559278599412,0.010416666666666666,,,pass,fact_backtest_prediction_hourly
opportunity_potential_ratio_v2,1,t_plus_1h,2024-10-02 00:00:00+00:00,2024-10-02 23:00:00+00:00,2024-10-02 00:00:00+00:00,cluster_daily,east_anglia_offshore,,92,92,0.03260869565217391,0.03260869565217391,0.0,0.0,4.010496045556285,0.6892032327819305,3.3212928127743537,3.3212928127743537,236.86510748588444,4.819908348298805,232.04519913758566,232.04519913758566,0.03260869565217391,3.2323285486792694,2.5431253158973384,warn,fact_backtest_prediction_hourly
opportunity_potential_ratio_v2,1,t_plus_1h,2024-09-30 23:00:00+00:00,2024-10-01 00:00:00+00:00,2024-09-30 00:00:00+00:00,cluster_daily,east_coast_scotland_offshore,,3,0,0.0,0.0,0.0,0.0,,,,,,,,,,,,warmup,fact_backtest_prediction_hourly
opportunity_potential_ratio_v2,1,t_plus_1h,2024-10-01 00:00:00+00:00,2024-10-02 00:00:00+00:00,2024-10-01 00:00:00+00:00,cluster_daily,east_coast_scotland_offshore,,72,72,0.013888888888888888,0.0,0.0,0.0,1.1016316007227067,0.0,1.1016316007227067,1.1016316007227067,84.75017149099894,0.0,84.75017149099894,84.75017149099894,0.013888888888888888,,,pass,fact_backtest_prediction_hourly
opportunity_potential_ratio_v2,1,t_plus_1h,2024-10-02 00:00:00+00:00,2024-10-02 23:00:00+00:00,2024-10-02 00:00:00+00:00,cluster_daily,east_coast_scotland_offshore,,69,69,0.043478260869565216,0.028985507246376812,0.0,0.0,2.654524616540383,0.6270641028486729,2.02746051369171,2.02746051369171,133.4923514509466,4.385341450067063,129.1070100008795,129.1070100008795,0.029589371980676328,1.409630056725794,0.8404160813484554,warn,fact_backtest_prediction_hourly
opportunity_potential_ratio_v2,1,t_plus_1h,2024-09-30 23:00:00+00:00,2024-10-01 00:00:00+00:00,2024-09-30 00:00:00+00:00,cluster_daily,humber_offshore,,3,0,0.0,0.0,0.0,0.0,,,,,,,,,,,,warmup,fact_backtest_prediction_hourly
opportunity_potential_ratio_v2,1,t_plus_1h,2024-10-01 00:00:00+00:00,2024-10-02 00:00:00+00:00,2024-10-01 00:00:00+00:00,cluster_daily,humber_offshore,,72,72,0.013888888888888888,0.0,0.0,0.0,0.8717510389851006,0.0,0.8717510389851006,0.8717510389851006,67.0651150556823,0.0,67.0651150556823,67.0651150556823,0.013888888888888888,,,pass,fact_backtest_prediction_hourly
opportunity_potential_ratio_v2,1,t_plus_1h,2024-10-02 00:00:00+00:00,2024-10-02 23:00:00+00:00,2024-10-02 00:00:00+00:00,cluster_daily,humber_offshore,,69,69,0.043478260869565216,0.028985507246376812,0.0,0.0,3.7709298119352743,0.775055459028107,2.995874352907167,3.0018096618284416,225.14394779998892,5.4203115999401295,219.72363620004876,219.76514448622424,0.029589371980676328,2.8991787729501737,2.130058622843341,warn,fact_backtest_prediction_hourly
opportunity_potential_ratio_v2,1,t_plus_1h,2024-09-30 23:00:00+00:00,2024-10-01 00:00:00+00:00,2024-09-30 00:00:00+00:00,cluster_daily,moray_firth_offshore,,4,0,0.0,0.0,0.0,0.0,,,,,,,,,,,,warmup,fact_backtest_prediction_hourly
opportunity_potential_ratio_v2,1,t_plus_1h,2024-10-01 00:00:00+00:00,2024-10-02 00:00:00+00:00,2024-10-01 00:00:00+00:00,cluster_daily,moray_firth_offshore,,96,96,0.010416666666666666,0.0,0.0,0.0,1.182076326915016,0.0,1.182076326915016,1.182076326915016,90.93890494406259,0.0,90.93890494406259,90.93890494406259,0.010416666666666666,,,pass,fact_backtest_prediction_hourly
opportunity_potential_ratio_v2,1,t_plus_1h,2024-10-02 00:00:00+00:00,2024-10-02 23:00:00+00:00,2024-10-02 00:00:00+00:00,cluster_daily,moray_firth_offshore,,92,92,0.03260869565217391,0.03260869565217391,0.0,0.0,3.477461214181916,0.6747940402834781,2.8026671738984383,2.8026671738984383,178.27965961887085,4.719138381020502,173.56052123785037,173.56052123785037,0.03260869565217391,1.9418245971115908,1.3709697166619028,warn,fact_backtest_prediction_hourly
opportunity_potential_ratio_v2,1,t_plus_1h,2024-09-30 23:00:00+00:00,2024-10-01 00:00:00+00:00,2024-09-30 00:00:00+00:00,cluster_daily,north_wales_offshore,,3,0,0.0,0.0,0.0,0.0,,,,,,,,,,,,warmup,fact_backtest_prediction_hourly
opportunity_potential_ratio_v2,1,t_plus_1h,2024-10-01 00:00:00+00:00,2024-10-02 00:00:00+00:00,2024-10-01 00:00:00+00:00,cluster_daily,north_wales_offshore,,72,72,0.013888888888888888,0.0,0.0,0.0,0.5859143505897526,0.0,0.5859143505897526,0.5859143505897526,45.07526986239557,0.0,45.07526986239557,45.07526986239557,0.013888888888888888,,,pass,fact_backtest_prediction_hourly
opportunity_potential_ratio_v2,1,t_plus_1h,2024-10-02 00:00:00+00:00,2024-10-02 23:00:00+00:00,2024-10-02 00:00:00+00:00,cluster_daily,north_wales_offshore,,69,69,0.043478260869565216,0.028985507246376812,0.0,0.0,2.5344872481618648,0.5213230083944633,2.0131642397674017,2.017951270720009,151.32195324713373,3.645846393056269,147.67610685407746,147.709584715693,0.029589371980676328,1.9485728975721122,1.4320369201302565,warn,fact_backtest_prediction_hourly
opportunity_potential_ratio_v2,1,t_plus_1h,2024-09-30 23:00:00+00:00,2024-10-01 00:00:00+00:00,2024-09-30 00:00:00+00:00,cluster_daily,shetland_wind,,3,0,0.0,0.0,0.0,0.0,,,,,,,,,,,,warmup,fact_backtest_prediction_hourly
opportunity_potential_ratio_v2,1,t_plus_1h,2024-10-01 00:00:00+00:00,2024-10-02 00:00:00+00:00,2024-10-01 00:00:00+00:00,cluster_daily,shetland_wind,,72,72,0.0,0.0,0.0,0.0,0.0,0.0,0.0,0.0,0.0,0.0,0.0,0.0,0.0,,,pass,fact_backtest_prediction_hourly
opportunity_potential_ratio_v2,1,t_plus_1h,2024-10-02 00:00:00+00:00,2024-10-02 23:00:00+00:00,2024-10-02 00:00:00+00:00,cluster_daily,shetland_wind,,69,69,0.0,0.0,0.0,0.0,0.0,0.0,0.0,0.0,0.0,0.0,0.0,0.0,0.0,0.0,0.0,pass,fact_backtest_prediction_hourly
opportunity_potential_ratio_v2,1,t_plus_1h,2024-09-30 23:00:00+00:00,2024-10-01 00:00:00+00:00,2024-09-30 00:00:00+00:00,global_daily,,,23,0,0.0,0.0,0.0,0.0,,,,,,,,,,,,warmup,fact_backtest_prediction_hourly
opportunity_potential_ratio_v2,1,t_plus_1h,2024-10-01 00:00:00+00:00,2024-10-02 00:00:00+00:00,2024-10-01 00:00:00+00:00,global_daily,,,552,551,0.010869565217391304,0.0,0.0,0.0,1.3410929522311243,0.0,1.3410929522311243,1.3410929522311243,103.17229245456879,0.0,103.17229245456879,103.17229245456879,0.010869565217391304,,,pass,fact_backtest_prediction_hourly
opportunity_potential_ratio_v2,1,t_plus_1h,2024-10-02 00:00:00+00:00,2024-10-02 23:00:00+00:00,2024-10-02 00:00:00+00:00,global_daily,,,529,529,0.034026465028355386,0.026465028355387523,0.0,0.0,5.3429012162645195,1.0308855276145306,4.312015688649989,5.398983848812568,310.1861840181153,3.4135080541942435,306.772675963921,306.78245676580684,0.026465028355387523,2.983990227803182,3.02580882990287,warn,fact_backtest_prediction_hourly
opportunity_potential_ratio_v2,1,t_plus_1h,2024-09-30 23:00:00+00:00,2024-10-01 00:00:00+00:00,2024-09-30 00:00:00+00:00,route_daily,,R1_netback_GB_FR_DE_PL,16,0,0.0,0.0,0.0,0.0,,,,,,,,,,,,warmup,fact_backtest_prediction_hourly
opportunity_potential_ratio_v2,1,t_plus_1h,2024-10-01 00:00:00+00:00,2024-10-02 00:00:00+00:00,2024-10-01 00:00:00+00:00,route_daily,,R1_netback_GB_FR_DE_PL,384,383,0.0,0.0,0.0,0.0,0.0,0.0,0.0,0.0,0.0,0.0,0.0,0.0,0.0,,,pass,fact_backtest_prediction_hourly
opportunity_potential_ratio_v2,1,t_plus_1h,2024-10-02 00:00:00+00:00,2024-10-02 23:00:00+00:00,2024-10-02 00:00:00+00:00,route_daily,,R1_netback_GB_FR_DE_PL,368,368,0.0,0.03804347826086957,0.0,0.0,3.208234055317594,0.0,3.208234055317594,3.208234055317594,178.6919797955252,0.0,178.6919797955252,178.6919797955252,0.03804347826086957,3.208234055317594,3.208234055317594,warn,fact_backtest_prediction_hourly
opportunity_potential_ratio_v2,1,t_plus_1h,2024-09-30 23:00:00+00:00,2024-10-01 00:00:00+00:00,2024-09-30 00:00:00+00:00,route_daily,,R2_netback_GB_NL_DE_PL,7,0,0.0,0.0,0.0,0.0,,,,,,,,,,,,warmup,fact_backtest_prediction_hourly
opportunity_potential_ratio_v2,1,t_plus_1h,2024-10-01 00:00:00+00:00,2024-10-02 00:00:00+00:00,2024-10-01 00:00:00+00:00,route_daily,,R2_netback_GB_NL_DE_PL,168,168,0.03571428571428571,0.0,0.0,0.0,4.398465575472319,0.0,4.398465575472319,4.398465575472319,338.3805544194488,0.0,338.3805544194488,338.3805544194488,0.03571428571428571,,,pass,fact_backtest_prediction_hourly
opportunity_potential_ratio_v2,1,t_plus_1h,2024-10-02 00:00:00+00:00,2024-10-02 23:00:00+00:00,2024-10-02 00:00:00+00:00,route_daily,,R2_netback_GB_NL_DE_PL,161,161,0.11180124223602485,0.0,0.0,0.0,10.222140441286065,3.3871953050191714,6.834945136266893,10.406411948229653,610.744365098321,11.215812178066802,599.5285529202544,599.5606898407362,0.07608695652173914,1.3240242002322329,1.3659186981615024,warn,fact_backtest_prediction_hourly
opportunity_potential_ratio_v2,6,t_plus_6h,2024-09-30 23:00:00+00:00,2024-10-01 00:00:00+00:00,2024-09-30 00:00:00+00:00,cluster_daily,dogger_hornsea_offshore,,3,0,0.0,0.0,0.0,0.0,,,,,,,,,,,,warmup,fact_backtest_prediction_hourly
opportunity_potential_ratio_v2,6,t_plus_6h,2024-10-01 00:00:00+00:00,2024-10-02 00:00:00+00:00,2024-10-01 00:00:00+00:00,cluster_daily,dogger_hornsea_offshore,,72,57,0.013888888888888888,0.0,0.0,0.0,6.429639057787548,0.0,6.429639057787548,6.429639057787548,494.64177717418295,0.0,494.64177717418295,494.64177717418295,0.013888888888888888,,,pass,fact_backtest_prediction_hourly
opportunity_potential_ratio_v2,6,t_plus_6h,2024-10-02 00:00:00+00:00,2024-10-02 23:00:00+00:00,2024-10-02 00:00:00+00:00,cluster_daily,dogger_hornsea_offshore,,69,69,0.043478260869565216,0.028985507246376812,0.0,0.0,22.018357968406196,0.0,22.018357968406196,22.018357968406196,1314.6094688344742,0.0,1314.6094688344742,1314.6094688344742,0.029589371980676328,2.4245091785887527,2.4245091785887527,warn,fact_backtest_prediction_hourly
opportunity_potential_ratio_v2,6,t_plus_6h,2024-09-30 23:00:00+00:00,2024-10-01 00:00:00+00:00,2024-09-30 00:00:00+00:00,cluster_daily,east_anglia_offshore,,4,0,0.0,0.0,0.0,0.0,,,,,,,,,,,,warmup,fact_backtest_prediction_hourly
opportunity_potential_ratio_v2,6,t_plus_6h,2024-10-01 00:00:00+00:00,2024-10-02 00:00:00+00:00,2024-10-01 00:00:00+00:00,cluster_daily,east_anglia_offshore,,96,76,0.010416666666666666,0.0,0.0,0.0,0.9829484171078087,0.0,0.9829484171078087,0.9829484171078087,75.61969615072941,0.0,75.61969615072941,75.61969615072941,0.010416666666666666,,,pass,fact_backtest_prediction_hourly
opportunity_potential_ratio_v2,6,t_plus_6h,2024-10-02 00:00:00+00:00,2024-10-02 23:00:00+00:00,2024-10-02 00:00:00+00:00,cluster_daily,east_anglia_offshore,,92,92,0.03260869565217391,0.03260869565217391,0.0,0.0,4.010496045556285,0.0,4.010496045556285,4.010496045556285,236.86510748588444,0.0,236.86510748588444,236.86510748588444,0.03260869565217391,3.027547628448476,3.027547628448476,warn,fact_backtest_prediction_hourly
opportunity_potential_ratio_v2,6,t_plus_6h,2024-09-30 23:00:00+00:00,2024-10-01 00:00:00+00:00,2024-09-30 00:00:00+00:00,cluster_daily,east_coast_scotland_offshore,,3,0,0.0,0.0,0.0,0.0,,,,,,,,,,,,warmup,fact_backtest_prediction_hourly
opportunity_potential_ratio_v2,6,t_plus_6h,2024-10-01 00:00:00+00:00,2024-10-02 00:00:00+00:00,2024-10-01 00:00:00+00:00,cluster_daily,east_coast_scotland_offshore,,72,57,0.013888888888888888,0.0,0.0,0.0,1.3915346535444717,0.0,1.3915346535444717,1.3915346535444717,107.05284819915656,0.0,107.05284819915656,107.05284819915656,0.013888888888888888,,,pass,fact_backtest_prediction_hourly
opportunity_potential_ratio_v2,6,t_plus_6h,2024-10-02 00:00:00+00:00,2024-10-02 23:00:00+00:00,2024-10-02 00:00:00+00:00,cluster_daily,east_coast_scotland_offshore,,69,69,0.043478260869565216,0.028985507246376812,0.0,0.0,2.654524616540383,0.0,2.654524616540383,2.654524616540383,133.4923514509466,0.0,133.4923514509466,133.4923514509466,0.029589371980676328,0.9076237949079202,0.9076237949079202,warn,fact_backtest_prediction_hourly
opportunity_potential_ratio_v2,6,t_plus_6h,2024-09-30 23:00:00+00:00,2024-10-01 00:00:00+00:00,2024-09-30 00:00:00+00:00,cluster_daily,humber_offshore,,3,0,0.0,0.0,0.0,0.0,,,,,,,,,,,,warmup,fact_backtest_prediction_hourly
opportunity_potential_ratio_v2,6,t_plus_6h,2024-10-01 00:00:00+00:00,2024-10-02 00:00:00+00:00,2024-10-01 00:00:00+00:00,cluster_daily,humber_offshore,,72,57,0.013888888888888888,0.0,0.0,0.0,1.1011592071390746,0.0,1.1011592071390746,1.1011592071390746,84.71382954401975,0.0,84.71382954401975,84.71382954401975,0.013888888888888888,,,pass,fact_backtest_prediction_hourly
opportunity_potential_ratio_v2,6,t_plus_6h,2024-10-02 00:00:00+00:00,2024-10-02 23:00:00+00:00,2024-10-02 00:00:00+00:00,cluster_daily,humber_offshore,,69,69,0.043478260869565216,0.028985507246376812,0.0,0.0,3.7709298119352743,0.0,3.7709298119352743,3.7709298119352743,225.14394779998892,0.0,225.14394779998892,225.14394779998892,0.029589371980676328,2.4245091785887523,2.4245091785887523,warn,fact_backtest_prediction_hourly
opportunity_potential_ratio_v2,6,t_plus_6h,2024-09-30 23:00:00+00:00,2024-10-01 00:00:00+00:00,2024-09-30 00:00:00+00:00,cluster_daily,moray_firth_offshore,,4,0,0.0,0.0,0.0,0.0,,,,,,,,,,,,warmup,fact_backtest_prediction_hourly
opportunity_potential_ratio_v2,6,t_plus_6h,2024-10-01 00:00:00+00:00,2024-10-02 00:00:00+00:00,2024-10-01 00:00:00+00:00,cluster_daily,moray_firth_offshore,,96,76,0.010416666666666666,0.0,0.0,0.0,1.4931490445242308,0.0,1.4931490445242308,1.4931490445242308,114.87019571881589,0.0,114.87019571881589,114.87019571881589,0.010416666666666666,,,pass,fact_backtest_prediction_hourly
opportunity_potential_ratio_v2,6,t_plus_6h,2024-10-02 00:00:00+00:00,2024-10-02 23:00:00+00:00,2024-10-02 00:00:00+00:00,cluster_daily,moray_firth_offshore,,92,92,0.03260869565217391,0.03260869565217391,0.0,0.0,3.477461214181916,0.0,3.477461214181916,3.477461214181916,178.27965961887085,0.0,178.27965961887085,178.27965961887085,0.03260869565217391,1.3289444727133426,1.3289444727133426,warn,fact_backtest_prediction_hourly
opportunity_potential_ratio_v2,6,t_plus_6h,2024-09-30 23:00:00+00:00,2024-10-01 00:00:00+00:00,2024-09-30 00:00:00+00:00,cluster_daily,north_wales_offshore,,3,0,0.0,0.0,0.0,0.0,,,,,,,,,,,,warmup,fact_backtest_prediction_hourly
opportunity_potential_ratio_v2,6,t_plus_6h,2024-10-01 00:00:00+00:00,2024-10-02 00:00:00+00:00,2024-10-01 00:00:00+00:00,cluster_daily,north_wales_offshore,,72,57,0.013888888888888888,0.0,0.0,0.0,0.7401023375870559,0.0,0.7401023375870559,0.7401023375870559,56.93718298407861,0.0,56.93718298407861,56.93718298407861,0.013888888888888888,,,pass,fact_backtest_prediction_hourly
opportunity_potential_ratio_v2,6,t_plus_6h,2024-10-02 00:00:00+00:00,2024-10-02 23:00:00+00:00,2024-10-02 00:00:00+00:00,cluster_daily,north_wales_offshore,,69,69,0.043478260869565216,0.028985507246376812,0.0,0.0,2.5344872481618648,0.0,2.5344872481618648,2.5344872481618648,151.32195324713373,0.0,151.32195324713373,151.32195324713373,0.029589371980676328,1.7943849105748089,1.7943849105748089,warn,fact_backtest_prediction_hourly
opportunity_potential_ratio_v2,6,t_plus_6h,2024-09-30 23:00:00+00:00,2024-10-01 00:00:00+00:00,2024-09-30 00:00:00+00:00,cluster_daily,shetland_wind,,3,0,0.0,0.0,0.0,0.0,,,,,,,,,,,,warmup,fact_backtest_prediction_hourly
opportunity_potential_ratio_v2,6,t_plus_6h,2024-10-01 00:00:00+00:00,2024-10-02 00:00:00+00:00,2024-10-01 00:00:00+00:00,cluster_daily,shetland_wind,,72,57,0.0,0.0,0.0,0.0,0.0,0.0,0.0,0.0,0.0,0.0,0.0,0.0,0.0,,,pass,fact_backtest_prediction_hourly
opportunity_potential_ratio_v2,6,t_plus_6h,2024-10-02 00:00:00+00:00,2024-10-02 23:00:00+00:00,2024-10-02 00:00:00+00:00,cluster_daily,shetland_wind,,69,69,0.0,0.0,0.0,0.0,0.0,0.0,0.0,0.0,0.0,0.0,0.0,0.0,0.0,0.0,0.0,pass,fact_backtest_prediction_hourly
opportunity_potential_ratio_v2,6,t_plus_6h,2024-09-30 23:00:00+00:00,2024-10-01 00:00:00+00:00,2024-09-30 00:00:00+00:00,global_daily,,,23,0,0.0,0.0,0.0,0.0,,,,,,,,,,,,warmup,fact_backtest_prediction_hourly
opportunity_potential_ratio_v2,6,t_plus_6h,2024-10-01 00:00:00+00:00,2024-10-02 00:00:00+00:00,2024-10-01 00:00:00+00:00,global_daily,,,552,437,0.010869565217391304,0.0,0.0,0.0,1.6909432875957655,0.0,1.6909432875957655,1.6909432875957655,130.0868035296737,0.0,130.0868035296737,130.0868035296737,0.010869565217391304,,,pass,fact_backtest_prediction_hourly
opportunity_potential_ratio_v2,6,t_plus_6h,2024-10-02 00:00:00+00:00,2024-10-02 23:00:00+00:00,2024-10-02 00:00:00+00:00,global_daily,,,529,529,0.034026465028355386,0.026465028355387523,0.0,0.0,5.3429012162645195,0.0,5.3429012162645195,5.3429012162645195,310.1861840181153,0.0,310.1861840181153,310.1861840181153,0.026465028355387523,2.159716387568041,2.159716387568041,warn,fact_backtest_prediction_hourly
opportunity_potential_ratio_v2,6,t_plus_6h,2024-09-30 23:00:00+00:00,2024-10-01 00:00:00+00:00,2024-09-30 00:00:00+00:00,route_daily,,R1_netback_GB_FR_DE_PL,16,0,0.0,0.0,0.0,0.0,,,,,,,,,,,,warmup,fact_backtest_prediction_hourly
opportunity_potential_ratio_v2,6,t_plus_6h,2024-10-01 00:00:00+00:00,2024-10-02 00:00:00+00:00,2024-10-01 00:00:00+00:00,route_daily,,R1_netback_GB_FR_DE_PL,384,304,0.0,0.0,0.0,0.0,0.0,0.0,0.0,0.0,0.0,0.0,0.0,0.0,0.0,,,pass,fact_backtest_prediction_hourly
opportunity_potential_ratio_v2,6,t_plus_6h,2024-10-02 00:00:00+00:00,2024-10-02 23:00:00+00:00,2024-10-02 00:00:00+00:00,route_daily,,R1_netback_GB_FR_DE_PL,368,368,0.0,0.03804347826086957,0.0,0.0,3.208234055317594,0.0,3.208234055317594,3.208234055317594,178.6919797955252,0.0,178.6919797955252,178.6919797955252,0.03804347826086957,3.208234055317594,3.208234055317594,warn,fact_backtest_prediction_hourly
opportunity_potential_ratio_v2,6,t_plus_6h,2024-09-30 23:00:00+00:00,2024-10-01 00:00:00+00:00,2024-09-30 00:00:00+00:00,route_daily,,R2_netback_GB_NL_DE_PL,7,0,0.0,0.0,0.0,0.0,,,,,,,,,,,,warmup,fact_backtest_prediction_hourly
opportunity_potential_ratio_v2,6,t_plus_6h,2024-10-01 00:00:00+00:00,2024-10-02 00:00:00+00:00,2024-10-01 00:00:00+00:00,route_daily,,R2_netback_GB_NL_DE_PL,168,133,0.03571428571428571,0.0,0.0,0.0,5.555956516386087,0.0,5.555956516386087,5.555956516386087,427.4280687403564,0.0,427.4280687403564,427.4280687403564,0.03571428571428571,,,pass,fact_backtest_prediction_hourly
opportunity_potential_ratio_v2,6,t_plus_6h,2024-10-02 00:00:00+00:00,2024-10-02 23:00:00+00:00,2024-10-02 00:00:00+00:00,route_daily,,R2_netback_GB_NL_DE_PL,161,161,0.11180124223602485,0.0,0.0,0.0,10.222140441286065,0.0,10.222140441286065,10.222140441286065,610.744365098321,0.0,610.744365098321,610.744365098321,0.07608695652173914,0.8398524918505179,0.8398524918505179,warn,fact_backtest_prediction_hourly
opportunity_potential_ratio_v2,24,t_plus_24h,2024-09-30 23:00:00+00:00,2024-10-01 00:00:00+00:00,2024-09-30 00:00:00+00:00,cluster_daily,dogger_hornsea_offshore,,3,0,0.0,0.0,0.0,0.0,,,,,,,,,,,,warmup,fact_backtest_prediction_hourly
opportunity_potential_ratio_v2,24,t_plus_24h,2024-10-01 00:00:00+00:00,2024-10-02 00:00:00+00:00,2024-10-01 00:00:00+00:00,cluster_daily,dogger_hornsea_offshore,,72,3,0.013888888888888888,0.0,0.0,0.0,0.0,0.0,0.0,0.0,0.0,0.0,0.0,0.0,0.013888888888888888,,,pass,fact_backtest_prediction_hourly
opportunity_potential_ratio_v2,24,t_plus_24h,2024-10-02 00:00:00+00:00,2024-10-02 23:00:00+00:00,2024-10-02 00:00:00+00:00,cluster_daily,dogger_hornsea_offshore,,69,69,0.043478260869565216,0.028985507246376812,0.0,0.0,22.018357968406196,0.0,22.018357968406196,22.018357968406196,1314.6094688344742,0.0,1314.6094688344742,1314.6094688344742,0.029589371980676328,22.018357968406196,22.018357968406196,warn,fact_backtest_prediction_hourly
opportunity_potential_ratio_v2,24,t_plus_24h,2024-09-30 23:00:00+00:00,2024-10-01 00:00:00+00:00,2024-09-30 00:00:00+00:00,cluster_daily,east_anglia_offshore,,4,0,0.0,0.0,0.0,0.0,,,,,,,,,,,,warmup,fact_backtest_prediction_hourly
opportunity_potential_ratio_v2,24,t_plus_24h,2024-10-01 00:00:00+00:00,2024-10-02 00:00:00+00:00,2024-10-01 00:00:00+00:00,cluster_daily,east_anglia_offshore,,96,4,0.010416666666666666,0.0,0.0,0.0,0.0,0.0,0.0,0.0,0.0,0.0,0.0,0.0,0.010416666666666666,,,pass,fact_backtest_prediction_hourly
opportunity_potential_ratio_v2,24,t_plus_24h,2024-10-02 00:00:00+00:00,2024-10-02 23:00:00+00:00,2024-10-02 00:00:00+00:00,cluster_daily,east_anglia_offshore,,92,92,0.03260869565217391,0.03260869565217391,0.0,0.0,4.010496045556285,0.0,4.010496045556285,4.010496045556285,236.86510748588444,0.0,236.86510748588444,236.86510748588444,0.03260869565217391,4.010496045556285,4.010496045556285,warn,fact_backtest_prediction_hourly
opportunity_potential_ratio_v2,24,t_plus_24h,2024-09-30 23:00:00+00:00,2024-10-01 00:00:00+00:00,2024-09-30 00:00:00+00:00,cluster_daily,east_coast_scotland_offshore,,3,0,0.0,0.0,0.0,0.0,,,,,,,,,,,,warmup,fact_backtest_prediction_hourly
opportunity_potential_ratio_v2,24,t_plus_24h,2024-10-01 00:00:00+00:00,2024-10-02 00:00:00+00:00,2024-10-01 00:00:00+00:00,cluster_daily,east_coast_scotland_offshore,,72,3,0.013888888888888888,0.0,0.0,0.0,0.0,0.0,0.0,0.0,0.0,0.0,0.0,0.0,0.013888888888888888,,,pass,fact_backtest_prediction_hourly
opportunity_potential_ratio_v2,24,t_plus_24h,2024-10-02 00:00:00+00:00,2024-10-02 23:00:00+00:00,2024-10-02 00:00:00+00:00,cluster_daily,east_coast_scotland_offshore,,69,69,0.043478260869565216,0.028985507246376812,0.0,0.0,2.654524616540383,0.0,2.654524616540383,2.654524616540383,133.4923514509466,0.0,133.4923514509466,133.4923514509466,0.029589371980676328,2.654524616540383,2.654524616540383,warn,fact_backtest_prediction_hourly
opportunity_potential_ratio_v2,24,t_plus_24h,2024-09-30 23:00:00+00:00,2024-10-01 00:00:00+00:00,2024-09-30 00:00:00+00:00,cluster_daily,humber_offshore,,3,0,0.0,0.0,0.0,0.0,,,,,,,,,,,,warmup,fact_backtest_prediction_hourly
opportunity_potential_ratio_v2,24,t_plus_24h,2024-10-01 00:00:00+00:00,2024-10-02 00:00:00+00:00,2024-10-01 00:00:00+00:00,cluster_daily,humber_offshore,,72,3,0.013888888888888888,0.0,0.0,0.0,0.0,0.0,0.0,0.0,0.0,0.0,0.0,0.0,0.013888888888888888,,,pass,fact_backtest_prediction_hourly
opportunity_potential_ratio_v2,24,t_plus_24h,2024-10-02 00:00:00+00:00,2024-10-02 23:00:00+00:00,2024-10-02 00:00:00+00:00,cluster_daily,humber_offshore,,69,69,0.043478260869565216,0.028985507246376812,0.0,0.0,3.7709298119352743,0.0,3.7709298119352743,3.7709298119352743,225.14394779998892,0.0,225.14394779998892,225.14394779998892,0.029589371980676328,3.7709298119352743,3.7709298119352743,warn,fact_backtest_prediction_hourly
opportunity_potential_ratio_v2,24,t_plus_24h,2024-09-30 23:00:00+00:00,2024-10-01 00:00:00+00:00,2024-09-30 00:00:00+00:00,cluster_daily,moray_firth_offshore,,4,0,0.0,0.0,0.0,0.0,,,,,,,,,,,,warmup,fact_backtest_prediction_hourly
opportunity_potential_ratio_v2,24,t_plus_24h,2024-10-01 00:00:00+00:00,2024-10-02 00:00:00+00:00,2024-10-01 00:00:00+00:00,cluster_daily,moray_firth_offshore,,96,4,0.010416666666666666,0.0,0.0,0.0,0.0,0.0,0.0,0.0,0.0,0.0,0.0,0.0,0.010416666666666666,,,pass,fact_backtest_prediction_hourly
opportunity_potential_ratio_v2,24,t_plus_24h,2024-10-02 00:00:00+00:00,2024-10-02 23:00:00+00:00,2024-10-02 00:00:00+00:00,cluster_daily,moray_firth_offshore,,92,92,0.03260869565217391,0.03260869565217391,0.0,0.0,3.477461214181916,0.0,3.477461214181916,3.477461214181916,178.27965961887085,0.0,178.27965961887085,178.27965961887085,0.03260869565217391,3.477461214181916,3.477461214181916,warn,fact_backtest_prediction_hourly
opportunity_potential_ratio_v2,24,t_plus_24h,2024-09-30 23:00:00+00:00,2024-10-01 00:00:00+00:00,2024-09-30 00:00:00+00:00,cluster_daily,north_wales_offshore,,3,0,0.0,0.0,0.0,0.0,,,,,,,,,,,,warmup,fact_backtest_prediction_hourly
opportunity_potential_ratio_v2,24,t_plus_24h,2024-10-01 00:00:00+00:00,2024-10-02 00:00:00+00:00,2024-10-01 00:00:00+00:00,cluster_daily,north_wales_offshore,,72,3,0.013888888888888888,0.0,0.0,0.0,0.0,0.0,0.0,0.0,0.0,0.0,0.0,0.0,0.013888888888888888,,,pass,fact_backtest_prediction_hourly
opportunity_potential_ratio_v2,24,t_plus_24h,2024-10-02 00:00:00+00:00,2024-10-02 23:00:00+00:00,2024-10-02 00:00:00+00:00,cluster_daily,north_wales_offshore,,69,69,0.043478260869565216,0.028985507246376812,0.0,0.0,2.5344872481618648,0.0,2.5344872481618648,2.5344872481618648,151.32195324713373,0.0,151.32195324713373,151.32195324713373,0.029589371980676328,2.5344872481618648,2.5344872481618648,warn,fact_backtest_prediction_hourly
opportunity_potential_ratio_v2,24,t_plus_24h,2024-09-30 23:00:00+00:00,2024-10-01 00:00:00+00:00,2024-09-30 00:00:00+00:00,cluster_daily,shetland_wind,,3,0,0.0,0.0,0.0,0.0,,,,,,,,,,,,warmup,fact_backtest_prediction_hourly
opportunity_potential_ratio_v2,24,t_plus_24h,2024-10-01 00:00:00+00:00,2024-10-02 00:00:00+00:00,2024-10-01 00:00:00+00:00,cluster_daily,shetland_wind,,72,3,0.0,0.0,0.0,0.0,0.0,0.0,0.0,0.0,0.0,0.0,0.0,0.0,0.0,,,pass,fact_backtest_prediction_hourly
opportunity_potential_ratio_v2,24,t_plus_24h,2024-10-02 00:00:00+00:00,2024-10-02 23:00:00+00:00,2024-10-02 00:00:00+00:00,cluster_daily,shetland_wind,,69,69,0.0,0.0,0.0,0.0,0.0,0.0,0.0,0.0,0.0,0.0,0.0,0.0,0.0,0.0,0.0,pass,fact_backtest_prediction_hourly
opportunity_potential_ratio_v2,24,t_plus_24h,2024-09-30 23:00:00+00:00,2024-10-01 00:00:00+00:00,2024-09-30 00:00:00+00:00,global_daily,,,23,0,0.0,0.0,0.0,0.0,,,,,,,,,,,,warmup,fact_backtest_prediction_hourly
opportunity_potential_ratio_v2,24,t_plus_24h,2024-10-01 00:00:00+00:00,2024-10-02 00:00:00+00:00,2024-10-01 00:00:00+00:00,global_daily,,,552,23,0.010869565217391304,0.0,0.0,0.0,0.0,0.0,0.0,0.0,0.0,0.0,0.0,0.0,0.010869565217391304,,,pass,fact_backtest_prediction_hourly
opportunity_potential_ratio_v2,24,t_plus_24h,2024-10-02 00:00:00+00:00,2024-10-02 23:00:00+00:00,2024-10-02 00:00:00+00:00,global_daily,,,529,529,0.034026465028355386,0.026465028355387523,0.0,0.0,5.3429012162645195,0.0,5.3429012162645195,5.3429012162645195,310.1861840181153,0.0,310.1861840181153,310.1861840181153,0.026465028355387523,5.3429012162645195,5.3429012162645195,warn,fact_backtest_prediction_hourly
opportunity_potential_ratio_v2,24,t_plus_24h,2024-09-30 23:00:00+00:00,2024-10-01 00:00:00+00:00,2024-09-30 00:00:00+00:00,route_daily,,R1_netback_GB_FR_DE_PL,16,0,0.0,0.0,0.0,0.0,,,,,,,,,,,,warmup,fact_backtest_prediction_hourly
opportunity_potential_ratio_v2,24,t_plus_24h,2024-10-01 00:00:00+00:00,2024-10-02 00:00:00+00:00,2024-10-01 00:00:00+00:00,route_daily,,R1_netback_GB_FR_DE_PL,384,16,0.0,0.0,0.0,0.0,0.0,0.0,0.0,0.0,0.0,0.0,0.0,0.0,0.0,,,pass,fact_backtest_prediction_hourly
opportunity_potential_ratio_v2,24,t_plus_24h,2024-10-02 00:00:00+00:00,2024-10-02 23:00:00+00:00,2024-10-02 00:00:00+00:00,route_daily,,R1_netback_GB_FR_DE_PL,368,368,0.0,0.03804347826086957,0.0,0.0,3.208234055317594,0.0,3.208234055317594,3.208234055317594,178.6919797955252,0.0,178.6919797955252,178.6919797955252,0.03804347826086957,3.208234055317594,3.208234055317594,warn,fact_backtest_prediction_hourly
opportunity_potential_ratio_v2,24,t_plus_24h,2024-09-30 23:00:00+00:00,2024-10-01 00:00:00+00:00,2024-09-30 00:00:00+00:00,route_daily,,R2_netback_GB_NL_DE_PL,7,0,0.0,0.0,0.0,0.0,,,,,,,,,,,,warmup,fact_backtest_prediction_hourly
opportunity_potential_ratio_v2,24,t_plus_24h,2024-10-01 00:00:00+00:00,2024-10-02 00:00:00+00:00,2024-10-01 00:00:00+00:00,route_daily,,R2_netback_GB_NL_DE_PL,168,7,0.03571428571428571,0.0,0.0,0.0,0.0,0.0,0.0,0.0,0.0,0.0,0.0,0.0,0.03571428571428571,,,pass,fact_backtest_prediction_hourly
opportunity_potential_ratio_v2,24,t_plus_24h,2024-10-02 00:00:00+00:00,2024-10-02 23:00:00+00:00,2024-10-02 00:00:00+00:00,route_daily,,R2_netback_GB_NL_DE_PL,161,161,0.11180124223602485,0.0,0.0,0.0,10.222140441286065,0.0,10.222140441286065,10.222140441286065,610.744365098321,0.0,610.744365098321,610.744365098321,0.07608695652173914,10.222140441286065,10.222140441286065,warn,fact_backtest_prediction_hourly
opportunity_potential_ratio_v2,168,t_plus_168h,2024-09-30 23:00:00+00:00,2024-10-01 00:00:00+00:00,2024-09-30 00:00:00+00:00,cluster_daily,dogger_hornsea_offshore,,3,0,0.0,0.0,0.0,0.0,,,,,,,,,,,,warmup,fact_backtest_prediction_hourly
opportunity_potential_ratio_v2,168,t_plus_168h,2024-10-01 00:00:00+00:00,2024-10-02 00:00:00+00:00,2024-10-01 00:00:00+00:00,cluster_daily,dogger_hornsea_offshore,,72,0,0.013888888888888888,0.0,0.0,0.0,,,,,,,,,0.013888888888888888,,,pass,fact_backtest_prediction_hourly
opportunity_potential_ratio_v2,168,t_plus_168h,2024-10-02 00:00:00+00:00,2024-10-02 23:00:00+00:00,2024-10-02 00:00:00+00:00,cluster_daily,dogger_hornsea_offshore,,69,0,0.043478260869565216,0.028985507246376812,0.0,0.0,,,,,,,,,0.029589371980676328,,,pass,fact_backtest_prediction_hourly
opportunity_potential_ratio_v2,168,t_plus_168h,2024-09-30 23:00:00+00:00,2024-10-01 00:00:00+00:00,2024-09-30 00:00:00+00:00,cluster_daily,east_anglia_offshore,,4,0,0.0,0.0,0.0,0.0,,,,,,,,,,,,warmup,fact_backtest_prediction_hourly
opportunity_potential_ratio_v2,168,t_plus_168h,2024-10-01 00:00:00+00:00,2024-10-02 00:00:00+00:00,2024-10-01 00:00:00+00:00,cluster_daily,east_anglia_offshore,,96,0,0.010416666666666666,0.0,0.0,0.0,,,,,,,,,0.010416666666666666,,,pass,fact_backtest_prediction_hourly
opportunity_potential_ratio_v2,168,t_plus_168h,2024-10-02 00:00:00+00:00,2024-10-02 23:00:00+00:00,2024-10-02 00:00:00+00:00,cluster_daily,east_anglia_offshore,,92,0,0.03260869565217391,0.03260869565217391,0.0,0.0,,,,,,,,,0.03260869565217391,,,pass,fact_backtest_prediction_hourly
opportunity_potential_ratio_v2,168,t_plus_168h,2024-09-30 23:00:00+00:00,2024-10-01 00:00:00+00:00,2024-09-30 00:00:00+00:00,cluster_daily,east_coast_scotland_offshore,,3,0,0.0,0.0,0.0,0.0,,,,,,,,,,,,warmup,fact_backtest_prediction_hourly
opportunity_potential_ratio_v2,168,t_plus_168h,2024-10-01 00:00:00+00:00,2024-10-02 00:00:00+00:00,2024-10-01 00:00:00+00:00,cluster_daily,east_coast_scotland_offshore,,72,0,0.013888888888888888,0.0,0.0,0.0,,,,,,,,,0.013888888888888888,,,pass,fact_backtest_prediction_hourly
opportunity_potential_ratio_v2,168,t_plus_168h,2024-10-02 00:00:00+00:00,2024-10-02 23:00:00+00:00,2024-10-02 00:00:00+00:00,cluster_daily,east_coast_scotland_offshore,,69,0,0.043478260869565216,0.028985507246376812,0.0,0.0,,,,,,,,,0.029589371980676328,,,pass,fact_backtest_prediction_hourly
opportunity_potential_ratio_v2,168,t_plus_168h,2024-09-30 23:00:00+00:00,2024-10-01 00:00:00+00:00,2024-09-30 00:00:00+00:00,cluster_daily,humber_offshore,,3,0,0.0,0.0,0.0,0.0,,,,,,,,,,,,warmup,fact_backtest_prediction_hourly
opportunity_potential_ratio_v2,168,t_plus_168h,2024-10-01 00:00:00+00:00,2024-10-02 00:00:00+00:00,2024-10-01 00:00:00+00:00,cluster_daily,humber_offshore,,72,0,0.013888888888888888,0.0,0.0,0.0,,,,,,,,,0.013888888888888888,,,pass,fact_backtest_prediction_hourly
opportunity_potential_ratio_v2,168,t_plus_168h,2024-10-02 00:00:00+00:00,2024-10-02 23:00:00+00:00,2024-10-02 00:00:00+00:00,cluster_daily,humber_offshore,,69,0,0.043478260869565216,0.028985507246376812,0.0,0.0,,,,,,,,,0.029589371980676328,,,pass,fact_backtest_prediction_hourly
opportunity_potential_ratio_v2,168,t_plus_168h,2024-09-30 23:00:00+00:00,2024-10-01 00:00:00+00:00,2024-09-30 00:00:00+00:00,cluster_daily,moray_firth_offshore,,4,0,0.0,0.0,0.0,0.0,,,,,,,,,,,,warmup,fact_backtest_prediction_hourly
opportunity_potential_ratio_v2,168,t_plus_168h,2024-10-01 00:00:00+00:00,2024-10-02 00:00:00+00:00,2024-10-01 00:00:00+00:00,cluster_daily,moray_firth_offshore,,96,0,0.010416666666666666,0.0,0.0,0.0,,,,,,,,,0.010416666666666666,,,pass,fact_backtest_prediction_hourly
opportunity_potential_ratio_v2,168,t_plus_168h,2024-10-02 00:00:00+00:00,2024-10-02 23:00:00+00:00,2024-10-02 00:00:00+00:00,cluster_daily,moray_firth_offshore,,92,0,0.03260869565217391,0.03260869565217391,0.0,0.0,,,,,,,,,0.03260869565217391,,,pass,fact_backtest_prediction_hourly
opportunity_potential_ratio_v2,168,t_plus_168h,2024-09-30 23:00:00+00:00,2024-10-01 00:00:00+00:00,2024-09-30 00:00:00+00:00,cluster_daily,north_wales_offshore,,3,0,0.0,0.0,0.0,0.0,,,,,,,,,,,,warmup,fact_backtest_prediction_hourly
opportunity_potential_ratio_v2,168,t_plus_168h,2024-10-01 00:00:00+00:00,2024-10-02 00:00:00+00:00,2024-10-01 00:00:00+00:00,cluster_daily,north_wales_offshore,,72,0,0.013888888888888888,0.0,0.0,0.0,,,,,,,,,0.013888888888888888,,,pass,fact_backtest_prediction_hourly
opportunity_potential_ratio_v2,168,t_plus_168h,2024-10-02 00:00:00+00:00,2024-10-02 23:00:00+00:00,2024-10-02 00:00:00+00:00,cluster_daily,north_wales_offshore,,69,0,0.043478260869565216,0.028985507246376812,0.0,0.0,,,,,,,,,0.029589371980676328,,,pass,fact_backtest_prediction_hourly
opportunity_potential_ratio_v2,168,t_plus_168h,2024-09-30 23:00:00+00:00,2024-10-01 00:00:00+00:00,2024-09-30 00:00:00+00:00,cluster_daily,shetland_wind,,3,0,0.0,0.0,0.0,0.0,,,,,,,,,,,,warmup,fact_backtest_prediction_hourly
opportunity_potential_ratio_v2,168,t_plus_168h,2024-10-01 00:00:00+00:00,2024-10-02 00:00:00+00:00,2024-10-01 00:00:00+00:00,cluster_daily,shetland_wind,,72,0,0.0,0.0,0.0,0.0,,,,,,,,,0.0,,,pass,fact_backtest_prediction_hourly
opportunity_potential_ratio_v2,168,t_plus_168h,2024-10-02 00:00:00+00:00,2024-10-02 23:00:00+00:00,2024-10-02 00:00:00+00:00,cluster_daily,shetland_wind,,69,0,0.0,0.0,0.0,0.0,,,,,,,,,0.0,,,pass,fact_backtest_prediction_hourly
opportunity_potential_ratio_v2,168,t_plus_168h,2024-09-30 23:00:00+00:00,2024-10-01 00:00:00+00:00,2024-09-30 00:00:00+00:00,global_daily,,,23,0,0.0,0.0,0.0,0.0,,,,,,,,,,,,warmup,fact_backtest_prediction_hourly
opportunity_potential_ratio_v2,168,t_plus_168h,2024-10-01 00:00:00+00:00,2024-10-02 00:00:00+00:00,2024-10-01 00:00:00+00:00,global_daily,,,552,0,0.010869565217391304,0.0,0.0,0.0,,,,,,,,,0.010869565217391304,,,pass,fact_backtest_prediction_hourly
opportunity_potential_ratio_v2,168,t_plus_168h,2024-10-02 00:00:00+00:00,2024-10-02 23:00:00+00:00,2024-10-02 00:00:00+00:00,global_daily,,,529,0,0.034026465028355386,0.026465028355387523,0.0,0.0,,,,,,,,,0.026465028355387523,,,pass,fact_backtest_prediction_hourly
opportunity_potential_ratio_v2,168,t_plus_168h,2024-09-30 23:00:00+00:00,2024-10-01 00:00:00+00:00,2024-09-30 00:00:00+00:00,route_daily,,R1_netback_GB_FR_DE_PL,16,0,0.0,0.0,0.0,0.0,,,,,,,,,,,,warmup,fact_backtest_prediction_hourly
opportunity_potential_ratio_v2,168,t_plus_168h,2024-10-01 00:00:00+00:00,2024-10-02 00:00:00+00:00,2024-10-01 00:00:00+00:00,route_daily,,R1_netback_GB_FR_DE_PL,384,0,0.0,0.0,0.0,0.0,,,,,,,,,0.0,,,pass,fact_backtest_prediction_hourly
opportunity_potential_ratio_v2,168,t_plus_168h,2024-10-02 00:00:00+00:00,2024-10-02 23:00:00+00:00,2024-10-02 00:00:00+00:00,route_daily,,R1_netback_GB_FR_DE_PL,368,0,0.0,0.03804347826086957,0.0,0.0,,,,,,,,,0.03804347826086957,,,pass,fact_backtest_prediction_hourly
opportunity_potential_ratio_v2,168,t_plus_168h,2024-09-30 23:00:00+00:00,2024-10-01 00:00:00+00:00,2024-09-30 00:00:00+00:00,route_daily,,R2_netback_GB_NL_DE_PL,7,0,0.0,0.0,0.0,0.0,,,,,,,,,,,,warmup,fact_backtest_prediction_hourly
opportunity_potential_ratio_v2,168,t_plus_168h,2024-10-01 00:00:00+00:00,2024-10-02 00:00:00+00:00,2024-10-01 00:00:00+00:00,route_daily,,R2_netback_GB_NL_DE_PL,168,0,0.03571428571428571,0.0,0.0,0.0,,,,,,,,,0.03571428571428571,,,pass,fact_backtest_prediction_hourly
opportunity_potential_ratio_v2,168,t_plus_168h,2024-10-02 00:00:00+00:00,2024-10-02 23:00:00+00:00,2024-10-02 00:00:00+00:00,route_daily,,R2_netback_GB_NL_DE_PL,161,0,0.11180124223602485,0.0,0.0,0.0,,,,,,,,,0.07608695652173914,,,pass,fact_backtest_prediction_hourly
